DID,Country,City,Province,Account,Perminut,Inital Increment,Increment,Setup,Month,Call Type,Destination,,
524499950000,MEXICO,Aguascalientes,MEXICO,,0,60,60,0,0,DID@IP/URL,SIPS:524499950000@mercurio.ajtel.net|transport=tls|media_encryption=sdes,,
524499950001,MEXICO,Aguascalientes,MEXICO,,0,60,60,3.5,3.5,DID@IP/URL,,,
524499950002,MEXICO,Aguascalientes,MEXICO,,0,60,60,3.5,3.5,DID@IP/URL,,,
524499950003,MEXICO,Aguascalientes,MEXICO,,0,60,60,3.5,3.5,DID@IP/URL,,,
524499950004,MEXICO,Aguascalientes,MEXICO,,0,60,60,3.5,3.5,DID@IP/URL,,,
524499950005,MEXICO,Aguascalientes,MEXICO,,0,60,60,3.5,3.5,DID@IP/URL,,,
524499950006,MEXICO,Aguascalientes,MEXICO,,0,60,60,3.5,3.5,DID@IP/URL,,,
524499950007,MEXICO,Aguascalientes,MEXICO,,0,60,60,3.5,3.5,DID@IP/URL,,,
524499950008,MEXICO,Aguascalientes,MEXICO,,0,60,60,3.5,3.5,DID@IP/URL,,,
524499950009,MEXICO,Aguascalientes,MEXICO,,0,60,60,3.5,3.5,DID@IP/URL,,,
524499950010,MEXICO,Aguascalientes,MEXICO,,0,60,60,3.5,3.5,DID@IP/URL,,,
524499950011,MEXICO,Aguascalientes,MEXICO,,0,60,60,3.5,3.5,DID@IP/URL,,,
524499950012,MEXICO,Aguascalientes,MEXICO,,0,60,60,3.5,3.5,DID@IP/URL,,,
524499950013,MEXICO,Aguascalientes,MEXICO,,0,60,60,3.5,3.5,DID@IP/URL,,,
524499950014,MEXICO,Aguascalientes,MEXICO,,0,60,60,3.5,3.5,DID@IP/URL,,,
524499950015,MEXICO,Aguascalientes,MEXICO,,0,60,60,3.5,3.5,DID@IP/URL,,,
524499950016,MEXICO,Aguascalientes,MEXICO,,0,60,60,3.5,3.5,DID@IP/URL,,,
524499950017,MEXICO,Aguascalientes,MEXICO,,0,60,60,3.5,3.5,DID@IP/URL,,,
524499950018,MEXICO,Aguascalientes,MEXICO,,0,60,60,3.5,3.5,DID@IP/URL,,,
524499950019,MEXICO,Aguascalientes,MEXICO,,0,60,60,3.5,3.5,DID@IP/URL,,,
524499950020,MEXICO,Aguascalientes,MEXICO,,0,60,60,3.5,3.5,DID@IP/URL,,,
524499950021,MEXICO,Aguascalientes,MEXICO,,0,60,60,3.5,3.5,DID@IP/URL,,,
524499950022,MEXICO,Aguascalientes,MEXICO,,0,60,60,3.5,3.5,DID@IP/URL,,,
524499950023,MEXICO,Aguascalientes,MEXICO,,0,60,60,3.5,3.5,DID@IP/URL,,,
524499950024,MEXICO,Aguascalientes,MEXICO,,0,60,60,3.5,3.5,DID@IP/URL,,,
524499950025,MEXICO,Aguascalientes,MEXICO,,0,60,60,3.5,3.5,DID@IP/URL,,,
524499950026,MEXICO,Aguascalientes,MEXICO,,0,60,60,3.5,3.5,DID@IP/URL,,,
524499950027,MEXICO,Aguascalientes,MEXICO,,0,60,60,3.5,3.5,DID@IP/URL,,,
524499950028,MEXICO,Aguascalientes,MEXICO,,0,60,60,3.5,3.5,DID@IP/URL,,,
524499950029,MEXICO,Aguascalientes,MEXICO,,0,60,60,3.5,3.5,DID@IP/URL,,,
524499950030,MEXICO,Aguascalientes,MEXICO,,0,60,60,3.5,3.5,DID@IP/URL,,,
524499950031,MEXICO,Aguascalientes,MEXICO,,0,60,60,3.5,3.5,DID@IP/URL,,,
524499950032,MEXICO,Aguascalientes,MEXICO,,0,60,60,3.5,3.5,DID@IP/URL,,,
524499950033,MEXICO,Aguascalientes,MEXICO,,0,60,60,3.5,3.5,DID@IP/URL,,,
524499950034,MEXICO,Aguascalientes,MEXICO,,0,60,60,3.5,3.5,DID@IP/URL,,,
524499950035,MEXICO,Aguascalientes,MEXICO,,0,60,60,3.5,3.5,DID@IP/URL,,,
524499950036,MEXICO,Aguascalientes,MEXICO,,0,60,60,3.5,3.5,DID@IP/URL,,,
524499950037,MEXICO,Aguascalientes,MEXICO,,0,60,60,3.5,3.5,DID@IP/URL,,,
524499950038,MEXICO,Aguascalientes,MEXICO,,0,60,60,3.5,3.5,DID@IP/URL,,,
524499950039,MEXICO,Aguascalientes,MEXICO,,0,60,60,3.5,3.5,DID@IP/URL,,,
524499950040,MEXICO,Aguascalientes,MEXICO,,0,60,60,3.5,3.5,DID@IP/URL,,,
524499950041,MEXICO,Aguascalientes,MEXICO,,0,60,60,3.5,3.5,DID@IP/URL,,,
524499950042,MEXICO,Aguascalientes,MEXICO,,0,60,60,3.5,3.5,DID@IP/URL,,,
524499950043,MEXICO,Aguascalientes,MEXICO,,0,60,60,3.5,3.5,DID@IP/URL,,,
524499950044,MEXICO,Aguascalientes,MEXICO,,0,60,60,3.5,3.5,DID@IP/URL,,,
524499950045,MEXICO,Aguascalientes,MEXICO,,0,60,60,3.5,3.5,DID@IP/URL,,,
524499950046,MEXICO,Aguascalientes,MEXICO,,0,60,60,3.5,3.5,DID@IP/URL,,,
524499950047,MEXICO,Aguascalientes,MEXICO,,0,60,60,3.5,3.5,DID@IP/URL,,,
524499950048,MEXICO,Aguascalientes,MEXICO,,0,60,60,3.5,3.5,DID@IP/URL,,,
524499950049,MEXICO,Aguascalientes,MEXICO,,0,60,60,3.5,3.5,DID@IP/URL,,,
524499950050,MEXICO,Aguascalientes,MEXICO,,0,60,60,3.5,3.5,DID@IP/URL,,,
524499950051,MEXICO,Aguascalientes,MEXICO,,0,60,60,3.5,3.5,DID@IP/URL,,,
524499950052,MEXICO,Aguascalientes,MEXICO,,0,60,60,3.5,3.5,DID@IP/URL,,,
524499950053,MEXICO,Aguascalientes,MEXICO,,0,60,60,3.5,3.5,DID@IP/URL,,,
524499950054,MEXICO,Aguascalientes,MEXICO,,0,60,60,3.5,3.5,DID@IP/URL,,,
524499950055,MEXICO,Aguascalientes,MEXICO,,0,60,60,3.5,3.5,DID@IP/URL,,,
524499950056,MEXICO,Aguascalientes,MEXICO,,0,60,60,3.5,3.5,DID@IP/URL,,,
524499950057,MEXICO,Aguascalientes,MEXICO,,0,60,60,3.5,3.5,DID@IP/URL,,,
524499950058,MEXICO,Aguascalientes,MEXICO,,0,60,60,3.5,3.5,DID@IP/URL,,,
524499950059,MEXICO,Aguascalientes,MEXICO,,0,60,60,3.5,3.5,DID@IP/URL,,,
524499950060,MEXICO,Aguascalientes,MEXICO,,0,60,60,3.5,3.5,DID@IP/URL,,,
524499950061,MEXICO,Aguascalientes,MEXICO,,0,60,60,3.5,3.5,DID@IP/URL,,,
524499950062,MEXICO,Aguascalientes,MEXICO,,0,60,60,3.5,3.5,DID@IP/URL,,,
524499950063,MEXICO,Aguascalientes,MEXICO,,0,60,60,3.5,3.5,DID@IP/URL,,,
524499950064,MEXICO,Aguascalientes,MEXICO,,0,60,60,3.5,3.5,DID@IP/URL,,,
524499950065,MEXICO,Aguascalientes,MEXICO,,0,60,60,3.5,3.5,DID@IP/URL,,,
524499950066,MEXICO,Aguascalientes,MEXICO,,0,60,60,3.5,3.5,DID@IP/URL,,,
524499950067,MEXICO,Aguascalientes,MEXICO,,0,60,60,3.5,3.5,DID@IP/URL,,,
524499950068,MEXICO,Aguascalientes,MEXICO,,0,60,60,3.5,3.5,DID@IP/URL,,,
524499950069,MEXICO,Aguascalientes,MEXICO,,0,60,60,3.5,3.5,DID@IP/URL,,,
524499950070,MEXICO,Aguascalientes,MEXICO,,0,60,60,3.5,3.5,DID@IP/URL,,,
524499950071,MEXICO,Aguascalientes,MEXICO,,0,60,60,3.5,3.5,DID@IP/URL,,,
524499950072,MEXICO,Aguascalientes,MEXICO,,0,60,60,3.5,3.5,DID@IP/URL,,,
524499950073,MEXICO,Aguascalientes,MEXICO,,0,60,60,3.5,3.5,DID@IP/URL,,,
524499950074,MEXICO,Aguascalientes,MEXICO,,0,60,60,3.5,3.5,DID@IP/URL,,,
524499950075,MEXICO,Aguascalientes,MEXICO,,0,60,60,3.5,3.5,DID@IP/URL,,,
524499950076,MEXICO,Aguascalientes,MEXICO,,0,60,60,3.5,3.5,DID@IP/URL,,,
524499950077,MEXICO,Aguascalientes,MEXICO,,0,60,60,3.5,3.5,DID@IP/URL,,,
524499950078,MEXICO,Aguascalientes,MEXICO,,0,60,60,3.5,3.5,DID@IP/URL,,,
524499950079,MEXICO,Aguascalientes,MEXICO,,0,60,60,3.5,3.5,DID@IP/URL,,,
524499950080,MEXICO,Aguascalientes,MEXICO,,0,60,60,3.5,3.5,DID@IP/URL,,,
524499950081,MEXICO,Aguascalientes,MEXICO,,0,60,60,3.5,3.5,DID@IP/URL,,,
524499950082,MEXICO,Aguascalientes,MEXICO,,0,60,60,3.5,3.5,DID@IP/URL,,,
524499950083,MEXICO,Aguascalientes,MEXICO,,0,60,60,3.5,3.5,DID@IP/URL,,,
524499950084,MEXICO,Aguascalientes,MEXICO,,0,60,60,3.5,3.5,DID@IP/URL,,,
524499950085,MEXICO,Aguascalientes,MEXICO,,0,60,60,3.5,3.5,DID@IP/URL,,,
524499950086,MEXICO,Aguascalientes,MEXICO,,0,60,60,3.5,3.5,DID@IP/URL,,,
524499950087,MEXICO,Aguascalientes,MEXICO,,0,60,60,3.5,3.5,DID@IP/URL,,,
524499950088,MEXICO,Aguascalientes,MEXICO,,0,60,60,3.5,3.5,DID@IP/URL,,,
524499950089,MEXICO,Aguascalientes,MEXICO,,0,60,60,3.5,3.5,DID@IP/URL,,,
524499950090,MEXICO,Aguascalientes,MEXICO,,0,60,60,3.5,3.5,DID@IP/URL,,,
524499950091,MEXICO,Aguascalientes,MEXICO,,0,60,60,3.5,3.5,DID@IP/URL,,,
524499950092,MEXICO,Aguascalientes,MEXICO,,0,60,60,3.5,3.5,DID@IP/URL,,,
524499950093,MEXICO,Aguascalientes,MEXICO,,0,60,60,3.5,3.5,DID@IP/URL,,,
524499950094,MEXICO,Aguascalientes,MEXICO,,0,60,60,3.5,3.5,DID@IP/URL,,,
524499950095,MEXICO,Aguascalientes,MEXICO,,0,60,60,3.5,3.5,DID@IP/URL,,,
524499950096,MEXICO,Aguascalientes,MEXICO,,0,60,60,3.5,3.5,DID@IP/URL,,,
524499950097,MEXICO,Aguascalientes,MEXICO,,0,60,60,3.5,3.5,DID@IP/URL,,,
524499950098,MEXICO,Aguascalientes,MEXICO,,0,60,60,3.5,3.5,DID@IP/URL,,,
524499950099,MEXICO,Aguascalientes,MEXICO,,0,60,60,3.5,3.5,DID@IP/URL,,,
524499950100,MEXICO,Aguascalientes,MEXICO,,0,60,60,3.5,3.5,DID@IP/URL,,,
524499950101,MEXICO,Aguascalientes,MEXICO,,0,60,60,3.5,3.5,DID@IP/URL,,,
524499950102,MEXICO,Aguascalientes,MEXICO,,0,60,60,3.5,3.5,DID@IP/URL,,,
524499950103,MEXICO,Aguascalientes,MEXICO,,0,60,60,3.5,3.5,DID@IP/URL,,,
524499950104,MEXICO,Aguascalientes,MEXICO,,0,60,60,3.5,3.5,DID@IP/URL,,,
524499950105,MEXICO,Aguascalientes,MEXICO,,0,60,60,3.5,3.5,DID@IP/URL,,,
524499950106,MEXICO,Aguascalientes,MEXICO,,0,60,60,3.5,3.5,DID@IP/URL,,,
524499950107,MEXICO,Aguascalientes,MEXICO,,0,60,60,3.5,3.5,DID@IP/URL,,,
524499950108,MEXICO,Aguascalientes,MEXICO,,0,60,60,3.5,3.5,DID@IP/URL,,,
524499950109,MEXICO,Aguascalientes,MEXICO,,0,60,60,3.5,3.5,DID@IP/URL,,,
524499950110,MEXICO,Aguascalientes,MEXICO,,0,60,60,3.5,3.5,DID@IP/URL,,,
524499950111,MEXICO,Aguascalientes,MEXICO,,0,60,60,3.5,3.5,DID@IP/URL,,,
524499950112,MEXICO,Aguascalientes,MEXICO,,0,60,60,3.5,3.5,DID@IP/URL,,,
524499950113,MEXICO,Aguascalientes,MEXICO,,0,60,60,3.5,3.5,DID@IP/URL,,,
524499950114,MEXICO,Aguascalientes,MEXICO,,0,60,60,3.5,3.5,DID@IP/URL,,,
524499950115,MEXICO,Aguascalientes,MEXICO,,0,60,60,3.5,3.5,DID@IP/URL,,,
524499950116,MEXICO,Aguascalientes,MEXICO,,0,60,60,3.5,3.5,DID@IP/URL,,,
524499950117,MEXICO,Aguascalientes,MEXICO,,0,60,60,3.5,3.5,DID@IP/URL,,,
524499950118,MEXICO,Aguascalientes,MEXICO,,0,60,60,3.5,3.5,DID@IP/URL,,,
524499950119,MEXICO,Aguascalientes,MEXICO,,0,60,60,3.5,3.5,DID@IP/URL,,,
524499950120,MEXICO,Aguascalientes,MEXICO,,0,60,60,3.5,3.5,DID@IP/URL,,,
524499950121,MEXICO,Aguascalientes,MEXICO,,0,60,60,3.5,3.5,DID@IP/URL,,,
524499950122,MEXICO,Aguascalientes,MEXICO,,0,60,60,3.5,3.5,DID@IP/URL,,,
524499950123,MEXICO,Aguascalientes,MEXICO,,0,60,60,3.5,3.5,DID@IP/URL,,,
524499950124,MEXICO,Aguascalientes,MEXICO,,0,60,60,3.5,3.5,DID@IP/URL,,,
524499950125,MEXICO,Aguascalientes,MEXICO,,0,60,60,3.5,3.5,DID@IP/URL,,,
524499950126,MEXICO,Aguascalientes,MEXICO,,0,60,60,3.5,3.5,DID@IP/URL,,,
524499950127,MEXICO,Aguascalientes,MEXICO,,0,60,60,3.5,3.5,DID@IP/URL,,,
524499950128,MEXICO,Aguascalientes,MEXICO,,0,60,60,3.5,3.5,DID@IP/URL,,,
524499950129,MEXICO,Aguascalientes,MEXICO,,0,60,60,3.5,3.5,DID@IP/URL,,,
524499950130,MEXICO,Aguascalientes,MEXICO,,0,60,60,3.5,3.5,DID@IP/URL,,,
524499950131,MEXICO,Aguascalientes,MEXICO,,0,60,60,3.5,3.5,DID@IP/URL,,,
524499950132,MEXICO,Aguascalientes,MEXICO,,0,60,60,3.5,3.5,DID@IP/URL,,,
524499950133,MEXICO,Aguascalientes,MEXICO,,0,60,60,3.5,3.5,DID@IP/URL,,,
524499950134,MEXICO,Aguascalientes,MEXICO,,0,60,60,3.5,3.5,DID@IP/URL,,,
524499950135,MEXICO,Aguascalientes,MEXICO,,0,60,60,3.5,3.5,DID@IP/URL,,,
524499950136,MEXICO,Aguascalientes,MEXICO,,0,60,60,3.5,3.5,DID@IP/URL,,,
524499950137,MEXICO,Aguascalientes,MEXICO,,0,60,60,3.5,3.5,DID@IP/URL,,,
524499950138,MEXICO,Aguascalientes,MEXICO,,0,60,60,3.5,3.5,DID@IP/URL,,,
524499950139,MEXICO,Aguascalientes,MEXICO,,0,60,60,3.5,3.5,DID@IP/URL,,,
524499950140,MEXICO,Aguascalientes,MEXICO,,0,60,60,3.5,3.5,DID@IP/URL,,,
524499950141,MEXICO,Aguascalientes,MEXICO,,0,60,60,3.5,3.5,DID@IP/URL,,,
524499950142,MEXICO,Aguascalientes,MEXICO,,0,60,60,3.5,3.5,DID@IP/URL,,,
524499950143,MEXICO,Aguascalientes,MEXICO,,0,60,60,3.5,3.5,DID@IP/URL,,,
524499950144,MEXICO,Aguascalientes,MEXICO,,0,60,60,3.5,3.5,DID@IP/URL,,,
524499950145,MEXICO,Aguascalientes,MEXICO,,0,60,60,3.5,3.5,DID@IP/URL,,,
524499950146,MEXICO,Aguascalientes,MEXICO,,0,60,60,3.5,3.5,DID@IP/URL,,,
524499950147,MEXICO,Aguascalientes,MEXICO,,0,60,60,3.5,3.5,DID@IP/URL,,,
524499950148,MEXICO,Aguascalientes,MEXICO,,0,60,60,3.5,3.5,DID@IP/URL,,,
524499950149,MEXICO,Aguascalientes,MEXICO,,0,60,60,3.5,3.5,DID@IP/URL,,,
524499950150,MEXICO,Aguascalientes,MEXICO,,0,60,60,3.5,3.5,DID@IP/URL,,,
524499950151,MEXICO,Aguascalientes,MEXICO,,0,60,60,3.5,3.5,DID@IP/URL,,,
524499950152,MEXICO,Aguascalientes,MEXICO,,0,60,60,3.5,3.5,DID@IP/URL,,,
524499950153,MEXICO,Aguascalientes,MEXICO,,0,60,60,3.5,3.5,DID@IP/URL,,,
524499950154,MEXICO,Aguascalientes,MEXICO,,0,60,60,3.5,3.5,DID@IP/URL,,,
524499950155,MEXICO,Aguascalientes,MEXICO,,0,60,60,3.5,3.5,DID@IP/URL,,,
524499950156,MEXICO,Aguascalientes,MEXICO,,0,60,60,3.5,3.5,DID@IP/URL,,,
524499950157,MEXICO,Aguascalientes,MEXICO,,0,60,60,3.5,3.5,DID@IP/URL,,,
524499950158,MEXICO,Aguascalientes,MEXICO,,0,60,60,3.5,3.5,DID@IP/URL,,,
524499950159,MEXICO,Aguascalientes,MEXICO,,0,60,60,3.5,3.5,DID@IP/URL,,,
524499950160,MEXICO,Aguascalientes,MEXICO,,0,60,60,3.5,3.5,DID@IP/URL,,,
524499950161,MEXICO,Aguascalientes,MEXICO,,0,60,60,3.5,3.5,DID@IP/URL,,,
524499950162,MEXICO,Aguascalientes,MEXICO,,0,60,60,3.5,3.5,DID@IP/URL,,,
524499950163,MEXICO,Aguascalientes,MEXICO,,0,60,60,3.5,3.5,DID@IP/URL,,,
524499950164,MEXICO,Aguascalientes,MEXICO,,0,60,60,3.5,3.5,DID@IP/URL,,,
524499950165,MEXICO,Aguascalientes,MEXICO,,0,60,60,3.5,3.5,DID@IP/URL,,,
524499950166,MEXICO,Aguascalientes,MEXICO,,0,60,60,3.5,3.5,DID@IP/URL,,,
524499950167,MEXICO,Aguascalientes,MEXICO,,0,60,60,3.5,3.5,DID@IP/URL,,,
524499950168,MEXICO,Aguascalientes,MEXICO,,0,60,60,3.5,3.5,DID@IP/URL,,,
524499950169,MEXICO,Aguascalientes,MEXICO,,0,60,60,3.5,3.5,DID@IP/URL,,,
524499950170,MEXICO,Aguascalientes,MEXICO,,0,60,60,3.5,3.5,DID@IP/URL,,,
524499950171,MEXICO,Aguascalientes,MEXICO,,0,60,60,3.5,3.5,DID@IP/URL,,,
524499950172,MEXICO,Aguascalientes,MEXICO,,0,60,60,3.5,3.5,DID@IP/URL,,,
524499950173,MEXICO,Aguascalientes,MEXICO,,0,60,60,3.5,3.5,DID@IP/URL,,,
524499950174,MEXICO,Aguascalientes,MEXICO,,0,60,60,3.5,3.5,DID@IP/URL,,,
524499950175,MEXICO,Aguascalientes,MEXICO,,0,60,60,3.5,3.5,DID@IP/URL,,,
524499950176,MEXICO,Aguascalientes,MEXICO,,0,60,60,3.5,3.5,DID@IP/URL,,,
524499950177,MEXICO,Aguascalientes,MEXICO,,0,60,60,3.5,3.5,DID@IP/URL,,,
524499950178,MEXICO,Aguascalientes,MEXICO,,0,60,60,3.5,3.5,DID@IP/URL,,,
524499950179,MEXICO,Aguascalientes,MEXICO,,0,60,60,3.5,3.5,DID@IP/URL,,,
524499950180,MEXICO,Aguascalientes,MEXICO,,0,60,60,3.5,3.5,DID@IP/URL,,,
524499950181,MEXICO,Aguascalientes,MEXICO,,0,60,60,3.5,3.5,DID@IP/URL,,,
524499950182,MEXICO,Aguascalientes,MEXICO,,0,60,60,3.5,3.5,DID@IP/URL,,,
524499950183,MEXICO,Aguascalientes,MEXICO,,0,60,60,3.5,3.5,DID@IP/URL,,,
524499950184,MEXICO,Aguascalientes,MEXICO,,0,60,60,3.5,3.5,DID@IP/URL,,,
524499950185,MEXICO,Aguascalientes,MEXICO,,0,60,60,3.5,3.5,DID@IP/URL,,,
524499950186,MEXICO,Aguascalientes,MEXICO,,0,60,60,3.5,3.5,DID@IP/URL,,,
524499950187,MEXICO,Aguascalientes,MEXICO,,0,60,60,3.5,3.5,DID@IP/URL,,,
524499950188,MEXICO,Aguascalientes,MEXICO,,0,60,60,3.5,3.5,DID@IP/URL,,,
524499950189,MEXICO,Aguascalientes,MEXICO,,0,60,60,3.5,3.5,DID@IP/URL,,,
524499950190,MEXICO,Aguascalientes,MEXICO,,0,60,60,3.5,3.5,DID@IP/URL,,,
524499950191,MEXICO,Aguascalientes,MEXICO,,0,60,60,3.5,3.5,DID@IP/URL,,,
524499950192,MEXICO,Aguascalientes,MEXICO,,0,60,60,3.5,3.5,DID@IP/URL,,,
524499950193,MEXICO,Aguascalientes,MEXICO,,0,60,60,3.5,3.5,DID@IP/URL,,,
524499950194,MEXICO,Aguascalientes,MEXICO,,0,60,60,3.5,3.5,DID@IP/URL,,,
524499950195,MEXICO,Aguascalientes,MEXICO,,0,60,60,3.5,3.5,DID@IP/URL,,,
524499950196,MEXICO,Aguascalientes,MEXICO,,0,60,60,3.5,3.5,DID@IP/URL,,,
524499950197,MEXICO,Aguascalientes,MEXICO,,0,60,60,3.5,3.5,DID@IP/URL,,,
524499950198,MEXICO,Aguascalientes,MEXICO,,0,60,60,3.5,3.5,DID@IP/URL,,,
524499950199,MEXICO,Aguascalientes,MEXICO,,0,60,60,3.5,3.5,DID@IP/URL,,,
524499950200,MEXICO,Aguascalientes,MEXICO,,0,60,60,3.5,3.5,DID@IP/URL,,,
524499950201,MEXICO,Aguascalientes,MEXICO,,0,60,60,3.5,3.5,DID@IP/URL,,,
524499950202,MEXICO,Aguascalientes,MEXICO,,0,60,60,3.5,3.5,DID@IP/URL,,,
524499950203,MEXICO,Aguascalientes,MEXICO,,0,60,60,3.5,3.5,DID@IP/URL,,,
524499950204,MEXICO,Aguascalientes,MEXICO,,0,60,60,3.5,3.5,DID@IP/URL,,,
524499950205,MEXICO,Aguascalientes,MEXICO,,0,60,60,3.5,3.5,DID@IP/URL,,,
524499950206,MEXICO,Aguascalientes,MEXICO,,0,60,60,3.5,3.5,DID@IP/URL,,,
524499950207,MEXICO,Aguascalientes,MEXICO,,0,60,60,3.5,3.5,DID@IP/URL,,,
524499950208,MEXICO,Aguascalientes,MEXICO,,0,60,60,3.5,3.5,DID@IP/URL,,,
524499950209,MEXICO,Aguascalientes,MEXICO,,0,60,60,3.5,3.5,DID@IP/URL,,,
524499950210,MEXICO,Aguascalientes,MEXICO,,0,60,60,3.5,3.5,DID@IP/URL,,,
524499950211,MEXICO,Aguascalientes,MEXICO,,0,60,60,3.5,3.5,DID@IP/URL,,,
524499950212,MEXICO,Aguascalientes,MEXICO,,0,60,60,3.5,3.5,DID@IP/URL,,,
524499950213,MEXICO,Aguascalientes,MEXICO,,0,60,60,3.5,3.5,DID@IP/URL,,,
524499950214,MEXICO,Aguascalientes,MEXICO,,0,60,60,3.5,3.5,DID@IP/URL,,,
524499950215,MEXICO,Aguascalientes,MEXICO,,0,60,60,3.5,3.5,DID@IP/URL,,,
524499950216,MEXICO,Aguascalientes,MEXICO,,0,60,60,3.5,3.5,DID@IP/URL,,,
524499950217,MEXICO,Aguascalientes,MEXICO,,0,60,60,3.5,3.5,DID@IP/URL,,,
524499950218,MEXICO,Aguascalientes,MEXICO,,0,60,60,3.5,3.5,DID@IP/URL,,,
524499950219,MEXICO,Aguascalientes,MEXICO,,0,60,60,3.5,3.5,DID@IP/URL,,,
524499950220,MEXICO,Aguascalientes,MEXICO,,0,60,60,3.5,3.5,DID@IP/URL,,,
524499950221,MEXICO,Aguascalientes,MEXICO,,0,60,60,3.5,3.5,DID@IP/URL,,,
524499950222,MEXICO,Aguascalientes,MEXICO,,0,60,60,3.5,3.5,DID@IP/URL,,,
524499950223,MEXICO,Aguascalientes,MEXICO,,0,60,60,3.5,3.5,DID@IP/URL,,,
524499950224,MEXICO,Aguascalientes,MEXICO,,0,60,60,3.5,3.5,DID@IP/URL,,,
524499950225,MEXICO,Aguascalientes,MEXICO,,0,60,60,3.5,3.5,DID@IP/URL,,,
524499950226,MEXICO,Aguascalientes,MEXICO,,0,60,60,3.5,3.5,DID@IP/URL,,,
524499950227,MEXICO,Aguascalientes,MEXICO,,0,60,60,3.5,3.5,DID@IP/URL,,,
524499950228,MEXICO,Aguascalientes,MEXICO,,0,60,60,3.5,3.5,DID@IP/URL,,,
524499950229,MEXICO,Aguascalientes,MEXICO,,0,60,60,3.5,3.5,DID@IP/URL,,,
524499950230,MEXICO,Aguascalientes,MEXICO,,0,60,60,3.5,3.5,DID@IP/URL,,,
524499950231,MEXICO,Aguascalientes,MEXICO,,0,60,60,3.5,3.5,DID@IP/URL,,,
524499950232,MEXICO,Aguascalientes,MEXICO,,0,60,60,3.5,3.5,DID@IP/URL,,,
524499950233,MEXICO,Aguascalientes,MEXICO,,0,60,60,3.5,3.5,DID@IP/URL,,,
524499950234,MEXICO,Aguascalientes,MEXICO,,0,60,60,3.5,3.5,DID@IP/URL,,,
524499950235,MEXICO,Aguascalientes,MEXICO,,0,60,60,3.5,3.5,DID@IP/URL,,,
524499950236,MEXICO,Aguascalientes,MEXICO,,0,60,60,3.5,3.5,DID@IP/URL,,,
524499950237,MEXICO,Aguascalientes,MEXICO,,0,60,60,3.5,3.5,DID@IP/URL,,,
524499950238,MEXICO,Aguascalientes,MEXICO,,0,60,60,3.5,3.5,DID@IP/URL,,,
524499950239,MEXICO,Aguascalientes,MEXICO,,0,60,60,3.5,3.5,DID@IP/URL,,,
524499950240,MEXICO,Aguascalientes,MEXICO,,0,60,60,3.5,3.5,DID@IP/URL,,,
524499950241,MEXICO,Aguascalientes,MEXICO,,0,60,60,3.5,3.5,DID@IP/URL,,,
524499950242,MEXICO,Aguascalientes,MEXICO,,0,60,60,3.5,3.5,DID@IP/URL,,,
524499950243,MEXICO,Aguascalientes,MEXICO,,0,60,60,3.5,3.5,DID@IP/URL,,,
524499950244,MEXICO,Aguascalientes,MEXICO,,0,60,60,3.5,3.5,DID@IP/URL,,,
524499950245,MEXICO,Aguascalientes,MEXICO,,0,60,60,3.5,3.5,DID@IP/URL,,,
524499950246,MEXICO,Aguascalientes,MEXICO,,0,60,60,3.5,3.5,DID@IP/URL,,,
524499950247,MEXICO,Aguascalientes,MEXICO,,0,60,60,3.5,3.5,DID@IP/URL,,,
524499950248,MEXICO,Aguascalientes,MEXICO,,0,60,60,3.5,3.5,DID@IP/URL,,,
524499950249,MEXICO,Aguascalientes,MEXICO,,0,60,60,3.5,3.5,DID@IP/URL,,,
524499950250,MEXICO,Aguascalientes,MEXICO,,0,60,60,3.5,3.5,DID@IP/URL,,,
524499950251,MEXICO,Aguascalientes,MEXICO,,0,60,60,3.5,3.5,DID@IP/URL,,,
524499950252,MEXICO,Aguascalientes,MEXICO,,0,60,60,3.5,3.5,DID@IP/URL,,,
524499950253,MEXICO,Aguascalientes,MEXICO,,0,60,60,3.5,3.5,DID@IP/URL,,,
524499950254,MEXICO,Aguascalientes,MEXICO,,0,60,60,3.5,3.5,DID@IP/URL,,,
524499950255,MEXICO,Aguascalientes,MEXICO,,0,60,60,3.5,3.5,DID@IP/URL,,,
524499950256,MEXICO,Aguascalientes,MEXICO,,0,60,60,3.5,3.5,DID@IP/URL,,,
524499950257,MEXICO,Aguascalientes,MEXICO,,0,60,60,3.5,3.5,DID@IP/URL,,,
524499950258,MEXICO,Aguascalientes,MEXICO,,0,60,60,3.5,3.5,DID@IP/URL,,,
524499950259,MEXICO,Aguascalientes,MEXICO,,0,60,60,3.5,3.5,DID@IP/URL,,,
524499950260,MEXICO,Aguascalientes,MEXICO,,0,60,60,3.5,3.5,DID@IP/URL,,,
524499950261,MEXICO,Aguascalientes,MEXICO,,0,60,60,3.5,3.5,DID@IP/URL,,,
524499950262,MEXICO,Aguascalientes,MEXICO,,0,60,60,3.5,3.5,DID@IP/URL,,,
524499950263,MEXICO,Aguascalientes,MEXICO,,0,60,60,3.5,3.5,DID@IP/URL,,,
524499950264,MEXICO,Aguascalientes,MEXICO,,0,60,60,3.5,3.5,DID@IP/URL,,,
524499950265,MEXICO,Aguascalientes,MEXICO,,0,60,60,3.5,3.5,DID@IP/URL,,,
524499950266,MEXICO,Aguascalientes,MEXICO,,0,60,60,3.5,3.5,DID@IP/URL,,,
524499950267,MEXICO,Aguascalientes,MEXICO,,0,60,60,3.5,3.5,DID@IP/URL,,,
524499950268,MEXICO,Aguascalientes,MEXICO,,0,60,60,3.5,3.5,DID@IP/URL,,,
524499950269,MEXICO,Aguascalientes,MEXICO,,0,60,60,3.5,3.5,DID@IP/URL,,,
524499950270,MEXICO,Aguascalientes,MEXICO,,0,60,60,3.5,3.5,DID@IP/URL,,,
524499950271,MEXICO,Aguascalientes,MEXICO,,0,60,60,3.5,3.5,DID@IP/URL,,,
524499950272,MEXICO,Aguascalientes,MEXICO,,0,60,60,3.5,3.5,DID@IP/URL,,,
524499950273,MEXICO,Aguascalientes,MEXICO,,0,60,60,3.5,3.5,DID@IP/URL,,,
524499950274,MEXICO,Aguascalientes,MEXICO,,0,60,60,3.5,3.5,DID@IP/URL,,,
524499950275,MEXICO,Aguascalientes,MEXICO,,0,60,60,3.5,3.5,DID@IP/URL,,,
524499950276,MEXICO,Aguascalientes,MEXICO,,0,60,60,3.5,3.5,DID@IP/URL,,,
524499950277,MEXICO,Aguascalientes,MEXICO,,0,60,60,3.5,3.5,DID@IP/URL,,,
524499950278,MEXICO,Aguascalientes,MEXICO,,0,60,60,3.5,3.5,DID@IP/URL,,,
524499950279,MEXICO,Aguascalientes,MEXICO,,0,60,60,3.5,3.5,DID@IP/URL,,,
524499950280,MEXICO,Aguascalientes,MEXICO,,0,60,60,3.5,3.5,DID@IP/URL,,,
524499950281,MEXICO,Aguascalientes,MEXICO,,0,60,60,3.5,3.5,DID@IP/URL,,,
524499950282,MEXICO,Aguascalientes,MEXICO,,0,60,60,3.5,3.5,DID@IP/URL,,,
524499950283,MEXICO,Aguascalientes,MEXICO,,0,60,60,3.5,3.5,DID@IP/URL,,,
524499950284,MEXICO,Aguascalientes,MEXICO,,0,60,60,3.5,3.5,DID@IP/URL,,,
524499950285,MEXICO,Aguascalientes,MEXICO,,0,60,60,3.5,3.5,DID@IP/URL,,,
524499950286,MEXICO,Aguascalientes,MEXICO,,0,60,60,3.5,3.5,DID@IP/URL,,,
524499950287,MEXICO,Aguascalientes,MEXICO,,0,60,60,3.5,3.5,DID@IP/URL,,,
524499950288,MEXICO,Aguascalientes,MEXICO,,0,60,60,3.5,3.5,DID@IP/URL,,,
524499950289,MEXICO,Aguascalientes,MEXICO,,0,60,60,3.5,3.5,DID@IP/URL,,,
524499950290,MEXICO,Aguascalientes,MEXICO,,0,60,60,3.5,3.5,DID@IP/URL,,,
524499950291,MEXICO,Aguascalientes,MEXICO,,0,60,60,3.5,3.5,DID@IP/URL,,,
524499950292,MEXICO,Aguascalientes,MEXICO,,0,60,60,3.5,3.5,DID@IP/URL,,,
524499950293,MEXICO,Aguascalientes,MEXICO,,0,60,60,3.5,3.5,DID@IP/URL,,,
524499950294,MEXICO,Aguascalientes,MEXICO,,0,60,60,3.5,3.5,DID@IP/URL,,,
524499950295,MEXICO,Aguascalientes,MEXICO,,0,60,60,3.5,3.5,DID@IP/URL,,,
524499950296,MEXICO,Aguascalientes,MEXICO,,0,60,60,3.5,3.5,DID@IP/URL,,,
524499950297,MEXICO,Aguascalientes,MEXICO,,0,60,60,3.5,3.5,DID@IP/URL,,,
524499950298,MEXICO,Aguascalientes,MEXICO,,0,60,60,3.5,3.5,DID@IP/URL,,,
524499950299,MEXICO,Aguascalientes,MEXICO,,0,60,60,3.5,3.5,DID@IP/URL,,,
524499950300,MEXICO,Aguascalientes,MEXICO,,0,60,60,3.5,3.5,DID@IP/URL,,,
524499950301,MEXICO,Aguascalientes,MEXICO,,0,60,60,3.5,3.5,DID@IP/URL,,,
524499950302,MEXICO,Aguascalientes,MEXICO,,0,60,60,3.5,3.5,DID@IP/URL,,,
524499950303,MEXICO,Aguascalientes,MEXICO,,0,60,60,3.5,3.5,DID@IP/URL,,,
524499950304,MEXICO,Aguascalientes,MEXICO,,0,60,60,3.5,3.5,DID@IP/URL,,,
524499950305,MEXICO,Aguascalientes,MEXICO,,0,60,60,3.5,3.5,DID@IP/URL,,,
524499950306,MEXICO,Aguascalientes,MEXICO,,0,60,60,3.5,3.5,DID@IP/URL,,,
524499950307,MEXICO,Aguascalientes,MEXICO,,0,60,60,3.5,3.5,DID@IP/URL,,,
524499950308,MEXICO,Aguascalientes,MEXICO,,0,60,60,3.5,3.5,DID@IP/URL,,,
524499950309,MEXICO,Aguascalientes,MEXICO,,0,60,60,3.5,3.5,DID@IP/URL,,,
524499950310,MEXICO,Aguascalientes,MEXICO,,0,60,60,3.5,3.5,DID@IP/URL,,,
524499950311,MEXICO,Aguascalientes,MEXICO,,0,60,60,3.5,3.5,DID@IP/URL,,,
524499950312,MEXICO,Aguascalientes,MEXICO,,0,60,60,3.5,3.5,DID@IP/URL,,,
524499950313,MEXICO,Aguascalientes,MEXICO,,0,60,60,3.5,3.5,DID@IP/URL,,,
524499950314,MEXICO,Aguascalientes,MEXICO,,0,60,60,3.5,3.5,DID@IP/URL,,,
524499950315,MEXICO,Aguascalientes,MEXICO,,0,60,60,3.5,3.5,DID@IP/URL,,,
524499950316,MEXICO,Aguascalientes,MEXICO,,0,60,60,3.5,3.5,DID@IP/URL,,,
524499950317,MEXICO,Aguascalientes,MEXICO,,0,60,60,3.5,3.5,DID@IP/URL,,,
524499950318,MEXICO,Aguascalientes,MEXICO,,0,60,60,3.5,3.5,DID@IP/URL,,,
524499950319,MEXICO,Aguascalientes,MEXICO,,0,60,60,3.5,3.5,DID@IP/URL,,,
524499950320,MEXICO,Aguascalientes,MEXICO,,0,60,60,3.5,3.5,DID@IP/URL,,,
524499950321,MEXICO,Aguascalientes,MEXICO,,0,60,60,3.5,3.5,DID@IP/URL,,,
524499950322,MEXICO,Aguascalientes,MEXICO,,0,60,60,3.5,3.5,DID@IP/URL,,,
524499950323,MEXICO,Aguascalientes,MEXICO,,0,60,60,3.5,3.5,DID@IP/URL,,,
524499950324,MEXICO,Aguascalientes,MEXICO,,0,60,60,3.5,3.5,DID@IP/URL,,,
524499950325,MEXICO,Aguascalientes,MEXICO,,0,60,60,3.5,3.5,DID@IP/URL,,,
524499950326,MEXICO,Aguascalientes,MEXICO,,0,60,60,3.5,3.5,DID@IP/URL,,,
524499950327,MEXICO,Aguascalientes,MEXICO,,0,60,60,3.5,3.5,DID@IP/URL,,,
524499950328,MEXICO,Aguascalientes,MEXICO,,0,60,60,3.5,3.5,DID@IP/URL,,,
524499950329,MEXICO,Aguascalientes,MEXICO,,0,60,60,3.5,3.5,DID@IP/URL,,,
524499950330,MEXICO,Aguascalientes,MEXICO,,0,60,60,3.5,3.5,DID@IP/URL,,,
524499950331,MEXICO,Aguascalientes,MEXICO,,0,60,60,3.5,3.5,DID@IP/URL,,,
524499950332,MEXICO,Aguascalientes,MEXICO,,0,60,60,3.5,3.5,DID@IP/URL,,,
524499950333,MEXICO,Aguascalientes,MEXICO,,0,60,60,3.5,3.5,DID@IP/URL,,,
524499950334,MEXICO,Aguascalientes,MEXICO,,0,60,60,3.5,3.5,DID@IP/URL,,,
524499950335,MEXICO,Aguascalientes,MEXICO,,0,60,60,3.5,3.5,DID@IP/URL,,,
524499950336,MEXICO,Aguascalientes,MEXICO,,0,60,60,3.5,3.5,DID@IP/URL,,,
524499950337,MEXICO,Aguascalientes,MEXICO,,0,60,60,3.5,3.5,DID@IP/URL,,,
524499950338,MEXICO,Aguascalientes,MEXICO,,0,60,60,3.5,3.5,DID@IP/URL,,,
524499950339,MEXICO,Aguascalientes,MEXICO,,0,60,60,3.5,3.5,DID@IP/URL,,,
524499950340,MEXICO,Aguascalientes,MEXICO,,0,60,60,3.5,3.5,DID@IP/URL,,,
524499950341,MEXICO,Aguascalientes,MEXICO,,0,60,60,3.5,3.5,DID@IP/URL,,,
524499950342,MEXICO,Aguascalientes,MEXICO,,0,60,60,3.5,3.5,DID@IP/URL,,,
524499950343,MEXICO,Aguascalientes,MEXICO,,0,60,60,3.5,3.5,DID@IP/URL,,,
524499950344,MEXICO,Aguascalientes,MEXICO,,0,60,60,3.5,3.5,DID@IP/URL,,,
524499950345,MEXICO,Aguascalientes,MEXICO,,0,60,60,3.5,3.5,DID@IP/URL,,,
524499950346,MEXICO,Aguascalientes,MEXICO,,0,60,60,3.5,3.5,DID@IP/URL,,,
524499950347,MEXICO,Aguascalientes,MEXICO,,0,60,60,3.5,3.5,DID@IP/URL,,,
524499950348,MEXICO,Aguascalientes,MEXICO,,0,60,60,3.5,3.5,DID@IP/URL,,,
524499950349,MEXICO,Aguascalientes,MEXICO,,0,60,60,3.5,3.5,DID@IP/URL,,,
524499950350,MEXICO,Aguascalientes,MEXICO,,0,60,60,3.5,3.5,DID@IP/URL,,,
524499950351,MEXICO,Aguascalientes,MEXICO,,0,60,60,3.5,3.5,DID@IP/URL,,,
524499950352,MEXICO,Aguascalientes,MEXICO,,0,60,60,3.5,3.5,DID@IP/URL,,,
524499950353,MEXICO,Aguascalientes,MEXICO,,0,60,60,3.5,3.5,DID@IP/URL,,,
524499950354,MEXICO,Aguascalientes,MEXICO,,0,60,60,3.5,3.5,DID@IP/URL,,,
524499950355,MEXICO,Aguascalientes,MEXICO,,0,60,60,3.5,3.5,DID@IP/URL,,,
524499950356,MEXICO,Aguascalientes,MEXICO,,0,60,60,3.5,3.5,DID@IP/URL,,,
524499950357,MEXICO,Aguascalientes,MEXICO,,0,60,60,3.5,3.5,DID@IP/URL,,,
524499950358,MEXICO,Aguascalientes,MEXICO,,0,60,60,3.5,3.5,DID@IP/URL,,,
524499950359,MEXICO,Aguascalientes,MEXICO,,0,60,60,3.5,3.5,DID@IP/URL,,,
524499950360,MEXICO,Aguascalientes,MEXICO,,0,60,60,3.5,3.5,DID@IP/URL,,,
524499950361,MEXICO,Aguascalientes,MEXICO,,0,60,60,3.5,3.5,DID@IP/URL,,,
524499950362,MEXICO,Aguascalientes,MEXICO,,0,60,60,3.5,3.5,DID@IP/URL,,,
524499950363,MEXICO,Aguascalientes,MEXICO,,0,60,60,3.5,3.5,DID@IP/URL,,,
524499950364,MEXICO,Aguascalientes,MEXICO,,0,60,60,3.5,3.5,DID@IP/URL,,,
524499950365,MEXICO,Aguascalientes,MEXICO,,0,60,60,3.5,3.5,DID@IP/URL,,,
524499950366,MEXICO,Aguascalientes,MEXICO,,0,60,60,3.5,3.5,DID@IP/URL,,,
524499950367,MEXICO,Aguascalientes,MEXICO,,0,60,60,3.5,3.5,DID@IP/URL,,,
524499950368,MEXICO,Aguascalientes,MEXICO,,0,60,60,3.5,3.5,DID@IP/URL,,,
524499950369,MEXICO,Aguascalientes,MEXICO,,0,60,60,3.5,3.5,DID@IP/URL,,,
524499950370,MEXICO,Aguascalientes,MEXICO,,0,60,60,3.5,3.5,DID@IP/URL,,,
524499950371,MEXICO,Aguascalientes,MEXICO,,0,60,60,3.5,3.5,DID@IP/URL,,,
524499950372,MEXICO,Aguascalientes,MEXICO,,0,60,60,3.5,3.5,DID@IP/URL,,,
524499950373,MEXICO,Aguascalientes,MEXICO,,0,60,60,3.5,3.5,DID@IP/URL,,,
524499950374,MEXICO,Aguascalientes,MEXICO,,0,60,60,3.5,3.5,DID@IP/URL,,,
524499950375,MEXICO,Aguascalientes,MEXICO,,0,60,60,3.5,3.5,DID@IP/URL,,,
524499950376,MEXICO,Aguascalientes,MEXICO,,0,60,60,3.5,3.5,DID@IP/URL,,,
524499950377,MEXICO,Aguascalientes,MEXICO,,0,60,60,3.5,3.5,DID@IP/URL,,,
524499950378,MEXICO,Aguascalientes,MEXICO,,0,60,60,3.5,3.5,DID@IP/URL,,,
524499950379,MEXICO,Aguascalientes,MEXICO,,0,60,60,3.5,3.5,DID@IP/URL,,,
524499950380,MEXICO,Aguascalientes,MEXICO,,0,60,60,3.5,3.5,DID@IP/URL,,,
524499950381,MEXICO,Aguascalientes,MEXICO,,0,60,60,3.5,3.5,DID@IP/URL,,,
524499950382,MEXICO,Aguascalientes,MEXICO,,0,60,60,3.5,3.5,DID@IP/URL,,,
524499950383,MEXICO,Aguascalientes,MEXICO,,0,60,60,3.5,3.5,DID@IP/URL,,,
524499950384,MEXICO,Aguascalientes,MEXICO,,0,60,60,3.5,3.5,DID@IP/URL,,,
524499950385,MEXICO,Aguascalientes,MEXICO,,0,60,60,3.5,3.5,DID@IP/URL,,,
524499950386,MEXICO,Aguascalientes,MEXICO,,0,60,60,3.5,3.5,DID@IP/URL,,,
524499950387,MEXICO,Aguascalientes,MEXICO,,0,60,60,3.5,3.5,DID@IP/URL,,,
524499950388,MEXICO,Aguascalientes,MEXICO,,0,60,60,3.5,3.5,DID@IP/URL,,,
524499950389,MEXICO,Aguascalientes,MEXICO,,0,60,60,3.5,3.5,DID@IP/URL,,,
524499950390,MEXICO,Aguascalientes,MEXICO,,0,60,60,3.5,3.5,DID@IP/URL,,,
524499950391,MEXICO,Aguascalientes,MEXICO,,0,60,60,3.5,3.5,DID@IP/URL,,,
524499950392,MEXICO,Aguascalientes,MEXICO,,0,60,60,3.5,3.5,DID@IP/URL,,,
524499950393,MEXICO,Aguascalientes,MEXICO,,0,60,60,3.5,3.5,DID@IP/URL,,,
524499950394,MEXICO,Aguascalientes,MEXICO,,0,60,60,3.5,3.5,DID@IP/URL,,,
524499950395,MEXICO,Aguascalientes,MEXICO,,0,60,60,3.5,3.5,DID@IP/URL,,,
524499950396,MEXICO,Aguascalientes,MEXICO,,0,60,60,3.5,3.5,DID@IP/URL,,,
524499950397,MEXICO,Aguascalientes,MEXICO,,0,60,60,3.5,3.5,DID@IP/URL,,,
524499950398,MEXICO,Aguascalientes,MEXICO,,0,60,60,3.5,3.5,DID@IP/URL,,,
524499950399,MEXICO,Aguascalientes,MEXICO,,0,60,60,3.5,3.5,DID@IP/URL,,,
524499950400,MEXICO,Aguascalientes,MEXICO,,0,60,60,3.5,3.5,DID@IP/URL,,,
524499950401,MEXICO,Aguascalientes,MEXICO,,0,60,60,3.5,3.5,DID@IP/URL,,,
524499950402,MEXICO,Aguascalientes,MEXICO,,0,60,60,3.5,3.5,DID@IP/URL,,,
524499950403,MEXICO,Aguascalientes,MEXICO,,0,60,60,3.5,3.5,DID@IP/URL,,,
524499950404,MEXICO,Aguascalientes,MEXICO,,0,60,60,3.5,3.5,DID@IP/URL,,,
524499950405,MEXICO,Aguascalientes,MEXICO,,0,60,60,3.5,3.5,DID@IP/URL,,,
524499950406,MEXICO,Aguascalientes,MEXICO,,0,60,60,3.5,3.5,DID@IP/URL,,,
524499950407,MEXICO,Aguascalientes,MEXICO,,0,60,60,3.5,3.5,DID@IP/URL,,,
524499950408,MEXICO,Aguascalientes,MEXICO,,0,60,60,3.5,3.5,DID@IP/URL,,,
524499950409,MEXICO,Aguascalientes,MEXICO,,0,60,60,3.5,3.5,DID@IP/URL,,,
524499950410,MEXICO,Aguascalientes,MEXICO,,0,60,60,3.5,3.5,DID@IP/URL,,,
524499950411,MEXICO,Aguascalientes,MEXICO,,0,60,60,3.5,3.5,DID@IP/URL,,,
524499950412,MEXICO,Aguascalientes,MEXICO,,0,60,60,3.5,3.5,DID@IP/URL,,,
524499950413,MEXICO,Aguascalientes,MEXICO,,0,60,60,3.5,3.5,DID@IP/URL,,,
524499950414,MEXICO,Aguascalientes,MEXICO,,0,60,60,3.5,3.5,DID@IP/URL,,,
524499950415,MEXICO,Aguascalientes,MEXICO,,0,60,60,3.5,3.5,DID@IP/URL,,,
524499950416,MEXICO,Aguascalientes,MEXICO,,0,60,60,3.5,3.5,DID@IP/URL,,,
524499950417,MEXICO,Aguascalientes,MEXICO,,0,60,60,3.5,3.5,DID@IP/URL,,,
524499950418,MEXICO,Aguascalientes,MEXICO,,0,60,60,3.5,3.5,DID@IP/URL,,,
524499950419,MEXICO,Aguascalientes,MEXICO,,0,60,60,3.5,3.5,DID@IP/URL,,,
524499950420,MEXICO,Aguascalientes,MEXICO,,0,60,60,3.5,3.5,DID@IP/URL,,,
524499950421,MEXICO,Aguascalientes,MEXICO,,0,60,60,3.5,3.5,DID@IP/URL,,,
524499950422,MEXICO,Aguascalientes,MEXICO,,0,60,60,3.5,3.5,DID@IP/URL,,,
524499950423,MEXICO,Aguascalientes,MEXICO,,0,60,60,3.5,3.5,DID@IP/URL,,,
524499950424,MEXICO,Aguascalientes,MEXICO,,0,60,60,3.5,3.5,DID@IP/URL,,,
524499950425,MEXICO,Aguascalientes,MEXICO,,0,60,60,3.5,3.5,DID@IP/URL,,,
524499950426,MEXICO,Aguascalientes,MEXICO,,0,60,60,3.5,3.5,DID@IP/URL,,,
524499950427,MEXICO,Aguascalientes,MEXICO,,0,60,60,3.5,3.5,DID@IP/URL,,,
524499950428,MEXICO,Aguascalientes,MEXICO,,0,60,60,3.5,3.5,DID@IP/URL,,,
524499950429,MEXICO,Aguascalientes,MEXICO,,0,60,60,3.5,3.5,DID@IP/URL,,,
524499950430,MEXICO,Aguascalientes,MEXICO,,0,60,60,3.5,3.5,DID@IP/URL,,,
524499950431,MEXICO,Aguascalientes,MEXICO,,0,60,60,3.5,3.5,DID@IP/URL,,,
524499950432,MEXICO,Aguascalientes,MEXICO,,0,60,60,3.5,3.5,DID@IP/URL,,,
524499950433,MEXICO,Aguascalientes,MEXICO,,0,60,60,3.5,3.5,DID@IP/URL,,,
524499950434,MEXICO,Aguascalientes,MEXICO,,0,60,60,3.5,3.5,DID@IP/URL,,,
524499950435,MEXICO,Aguascalientes,MEXICO,,0,60,60,3.5,3.5,DID@IP/URL,,,
524499950436,MEXICO,Aguascalientes,MEXICO,,0,60,60,3.5,3.5,DID@IP/URL,,,
524499950437,MEXICO,Aguascalientes,MEXICO,,0,60,60,3.5,3.5,DID@IP/URL,,,
524499950438,MEXICO,Aguascalientes,MEXICO,,0,60,60,3.5,3.5,DID@IP/URL,,,
524499950439,MEXICO,Aguascalientes,MEXICO,,0,60,60,3.5,3.5,DID@IP/URL,,,
524499950440,MEXICO,Aguascalientes,MEXICO,,0,60,60,3.5,3.5,DID@IP/URL,,,
524499950441,MEXICO,Aguascalientes,MEXICO,,0,60,60,3.5,3.5,DID@IP/URL,,,
524499950442,MEXICO,Aguascalientes,MEXICO,,0,60,60,3.5,3.5,DID@IP/URL,,,
524499950443,MEXICO,Aguascalientes,MEXICO,,0,60,60,3.5,3.5,DID@IP/URL,,,
524499950444,MEXICO,Aguascalientes,MEXICO,,0,60,60,3.5,3.5,DID@IP/URL,,,
524499950445,MEXICO,Aguascalientes,MEXICO,,0,60,60,3.5,3.5,DID@IP/URL,,,
524499950446,MEXICO,Aguascalientes,MEXICO,,0,60,60,3.5,3.5,DID@IP/URL,,,
524499950447,MEXICO,Aguascalientes,MEXICO,,0,60,60,3.5,3.5,DID@IP/URL,,,
524499950448,MEXICO,Aguascalientes,MEXICO,,0,60,60,3.5,3.5,DID@IP/URL,,,
524499950449,MEXICO,Aguascalientes,MEXICO,,0,60,60,3.5,3.5,DID@IP/URL,,,
524499950450,MEXICO,Aguascalientes,MEXICO,,0,60,60,3.5,3.5,DID@IP/URL,,,
524499950451,MEXICO,Aguascalientes,MEXICO,,0,60,60,3.5,3.5,DID@IP/URL,,,
524499950452,MEXICO,Aguascalientes,MEXICO,,0,60,60,3.5,3.5,DID@IP/URL,,,
524499950453,MEXICO,Aguascalientes,MEXICO,,0,60,60,3.5,3.5,DID@IP/URL,,,
524499950454,MEXICO,Aguascalientes,MEXICO,,0,60,60,3.5,3.5,DID@IP/URL,,,
524499950455,MEXICO,Aguascalientes,MEXICO,,0,60,60,3.5,3.5,DID@IP/URL,,,
524499950456,MEXICO,Aguascalientes,MEXICO,,0,60,60,3.5,3.5,DID@IP/URL,,,
524499950457,MEXICO,Aguascalientes,MEXICO,,0,60,60,3.5,3.5,DID@IP/URL,,,
524499950458,MEXICO,Aguascalientes,MEXICO,,0,60,60,3.5,3.5,DID@IP/URL,,,
524499950459,MEXICO,Aguascalientes,MEXICO,,0,60,60,3.5,3.5,DID@IP/URL,,,
524499950460,MEXICO,Aguascalientes,MEXICO,,0,60,60,3.5,3.5,DID@IP/URL,,,
524499950461,MEXICO,Aguascalientes,MEXICO,,0,60,60,3.5,3.5,DID@IP/URL,,,
524499950462,MEXICO,Aguascalientes,MEXICO,,0,60,60,3.5,3.5,DID@IP/URL,,,
524499950463,MEXICO,Aguascalientes,MEXICO,,0,60,60,3.5,3.5,DID@IP/URL,,,
524499950464,MEXICO,Aguascalientes,MEXICO,,0,60,60,3.5,3.5,DID@IP/URL,,,
524499950465,MEXICO,Aguascalientes,MEXICO,,0,60,60,3.5,3.5,DID@IP/URL,,,
524499950466,MEXICO,Aguascalientes,MEXICO,,0,60,60,3.5,3.5,DID@IP/URL,,,
524499950467,MEXICO,Aguascalientes,MEXICO,,0,60,60,3.5,3.5,DID@IP/URL,,,
524499950468,MEXICO,Aguascalientes,MEXICO,,0,60,60,3.5,3.5,DID@IP/URL,,,
524499950469,MEXICO,Aguascalientes,MEXICO,,0,60,60,3.5,3.5,DID@IP/URL,,,
524499950470,MEXICO,Aguascalientes,MEXICO,,0,60,60,3.5,3.5,DID@IP/URL,,,
524499950471,MEXICO,Aguascalientes,MEXICO,,0,60,60,3.5,3.5,DID@IP/URL,,,
524499950472,MEXICO,Aguascalientes,MEXICO,,0,60,60,3.5,3.5,DID@IP/URL,,,
524499950473,MEXICO,Aguascalientes,MEXICO,,0,60,60,3.5,3.5,DID@IP/URL,,,
524499950474,MEXICO,Aguascalientes,MEXICO,,0,60,60,3.5,3.5,DID@IP/URL,,,
524499950475,MEXICO,Aguascalientes,MEXICO,,0,60,60,3.5,3.5,DID@IP/URL,,,
524499950476,MEXICO,Aguascalientes,MEXICO,,0,60,60,3.5,3.5,DID@IP/URL,,,
524499950477,MEXICO,Aguascalientes,MEXICO,,0,60,60,3.5,3.5,DID@IP/URL,,,
524499950478,MEXICO,Aguascalientes,MEXICO,,0,60,60,3.5,3.5,DID@IP/URL,,,
524499950479,MEXICO,Aguascalientes,MEXICO,,0,60,60,3.5,3.5,DID@IP/URL,,,
524499950480,MEXICO,Aguascalientes,MEXICO,,0,60,60,3.5,3.5,DID@IP/URL,,,
524499950481,MEXICO,Aguascalientes,MEXICO,,0,60,60,3.5,3.5,DID@IP/URL,,,
524499950482,MEXICO,Aguascalientes,MEXICO,,0,60,60,3.5,3.5,DID@IP/URL,,,
524499950483,MEXICO,Aguascalientes,MEXICO,,0,60,60,3.5,3.5,DID@IP/URL,,,
524499950484,MEXICO,Aguascalientes,MEXICO,,0,60,60,3.5,3.5,DID@IP/URL,,,
524499950485,MEXICO,Aguascalientes,MEXICO,,0,60,60,3.5,3.5,DID@IP/URL,,,
524499950486,MEXICO,Aguascalientes,MEXICO,,0,60,60,3.5,3.5,DID@IP/URL,,,
524499950487,MEXICO,Aguascalientes,MEXICO,,0,60,60,3.5,3.5,DID@IP/URL,,,
524499950488,MEXICO,Aguascalientes,MEXICO,,0,60,60,3.5,3.5,DID@IP/URL,,,
524499950489,MEXICO,Aguascalientes,MEXICO,,0,60,60,3.5,3.5,DID@IP/URL,,,
524499950490,MEXICO,Aguascalientes,MEXICO,,0,60,60,3.5,3.5,DID@IP/URL,,,
524499950491,MEXICO,Aguascalientes,MEXICO,,0,60,60,3.5,3.5,DID@IP/URL,,,
524499950492,MEXICO,Aguascalientes,MEXICO,,0,60,60,3.5,3.5,DID@IP/URL,,,
524499950493,MEXICO,Aguascalientes,MEXICO,,0,60,60,3.5,3.5,DID@IP/URL,,,
524499950494,MEXICO,Aguascalientes,MEXICO,,0,60,60,3.5,3.5,DID@IP/URL,,,
524499950495,MEXICO,Aguascalientes,MEXICO,,0,60,60,3.5,3.5,DID@IP/URL,,,
524499950496,MEXICO,Aguascalientes,MEXICO,,0,60,60,3.5,3.5,DID@IP/URL,,,
524499950497,MEXICO,Aguascalientes,MEXICO,,0,60,60,3.5,3.5,DID@IP/URL,,,
524499950498,MEXICO,Aguascalientes,MEXICO,,0,60,60,3.5,3.5,DID@IP/URL,,,
524499950499,MEXICO,Aguascalientes,MEXICO,,0,60,60,3.5,3.5,DID@IP/URL,,,
524499950500,MEXICO,Aguascalientes,MEXICO,,0,60,60,3.5,3.5,DID@IP/URL,,,
524499950501,MEXICO,Aguascalientes,MEXICO,,0,60,60,3.5,3.5,DID@IP/URL,,,
524499950502,MEXICO,Aguascalientes,MEXICO,,0,60,60,3.5,3.5,DID@IP/URL,,,
524499950503,MEXICO,Aguascalientes,MEXICO,,0,60,60,3.5,3.5,DID@IP/URL,,,
524499950504,MEXICO,Aguascalientes,MEXICO,,0,60,60,3.5,3.5,DID@IP/URL,,,
524499950505,MEXICO,Aguascalientes,MEXICO,,0,60,60,3.5,3.5,DID@IP/URL,,,
524499950506,MEXICO,Aguascalientes,MEXICO,,0,60,60,3.5,3.5,DID@IP/URL,,,
524499950507,MEXICO,Aguascalientes,MEXICO,,0,60,60,3.5,3.5,DID@IP/URL,,,
524499950508,MEXICO,Aguascalientes,MEXICO,,0,60,60,3.5,3.5,DID@IP/URL,,,
524499950509,MEXICO,Aguascalientes,MEXICO,,0,60,60,3.5,3.5,DID@IP/URL,,,
524499950510,MEXICO,Aguascalientes,MEXICO,,0,60,60,3.5,3.5,DID@IP/URL,,,
524499950511,MEXICO,Aguascalientes,MEXICO,,0,60,60,3.5,3.5,DID@IP/URL,,,
524499950512,MEXICO,Aguascalientes,MEXICO,,0,60,60,3.5,3.5,DID@IP/URL,,,
524499950513,MEXICO,Aguascalientes,MEXICO,,0,60,60,3.5,3.5,DID@IP/URL,,,
524499950514,MEXICO,Aguascalientes,MEXICO,,0,60,60,3.5,3.5,DID@IP/URL,,,
524499950515,MEXICO,Aguascalientes,MEXICO,,0,60,60,3.5,3.5,DID@IP/URL,,,
524499950516,MEXICO,Aguascalientes,MEXICO,,0,60,60,3.5,3.5,DID@IP/URL,,,
524499950517,MEXICO,Aguascalientes,MEXICO,,0,60,60,3.5,3.5,DID@IP/URL,,,
524499950518,MEXICO,Aguascalientes,MEXICO,,0,60,60,3.5,3.5,DID@IP/URL,,,
524499950519,MEXICO,Aguascalientes,MEXICO,,0,60,60,3.5,3.5,DID@IP/URL,,,
524499950520,MEXICO,Aguascalientes,MEXICO,,0,60,60,3.5,3.5,DID@IP/URL,,,
524499950521,MEXICO,Aguascalientes,MEXICO,,0,60,60,3.5,3.5,DID@IP/URL,,,
524499950522,MEXICO,Aguascalientes,MEXICO,,0,60,60,3.5,3.5,DID@IP/URL,,,
524499950523,MEXICO,Aguascalientes,MEXICO,,0,60,60,3.5,3.5,DID@IP/URL,,,
524499950524,MEXICO,Aguascalientes,MEXICO,,0,60,60,3.5,3.5,DID@IP/URL,,,
524499950525,MEXICO,Aguascalientes,MEXICO,,0,60,60,3.5,3.5,DID@IP/URL,,,
524499950526,MEXICO,Aguascalientes,MEXICO,,0,60,60,3.5,3.5,DID@IP/URL,,,
524499950527,MEXICO,Aguascalientes,MEXICO,,0,60,60,3.5,3.5,DID@IP/URL,,,
524499950528,MEXICO,Aguascalientes,MEXICO,,0,60,60,3.5,3.5,DID@IP/URL,,,
524499950529,MEXICO,Aguascalientes,MEXICO,,0,60,60,3.5,3.5,DID@IP/URL,,,
524499950530,MEXICO,Aguascalientes,MEXICO,,0,60,60,3.5,3.5,DID@IP/URL,,,
524499950531,MEXICO,Aguascalientes,MEXICO,,0,60,60,3.5,3.5,DID@IP/URL,,,
524499950532,MEXICO,Aguascalientes,MEXICO,,0,60,60,3.5,3.5,DID@IP/URL,,,
524499950533,MEXICO,Aguascalientes,MEXICO,,0,60,60,3.5,3.5,DID@IP/URL,,,
524499950534,MEXICO,Aguascalientes,MEXICO,,0,60,60,3.5,3.5,DID@IP/URL,,,
524499950535,MEXICO,Aguascalientes,MEXICO,,0,60,60,3.5,3.5,DID@IP/URL,,,
524499950536,MEXICO,Aguascalientes,MEXICO,,0,60,60,3.5,3.5,DID@IP/URL,,,
524499950537,MEXICO,Aguascalientes,MEXICO,,0,60,60,3.5,3.5,DID@IP/URL,,,
524499950538,MEXICO,Aguascalientes,MEXICO,,0,60,60,3.5,3.5,DID@IP/URL,,,
524499950539,MEXICO,Aguascalientes,MEXICO,,0,60,60,3.5,3.5,DID@IP/URL,,,
524499950540,MEXICO,Aguascalientes,MEXICO,,0,60,60,3.5,3.5,DID@IP/URL,,,
524499950541,MEXICO,Aguascalientes,MEXICO,,0,60,60,3.5,3.5,DID@IP/URL,,,
524499950542,MEXICO,Aguascalientes,MEXICO,,0,60,60,3.5,3.5,DID@IP/URL,,,
524499950543,MEXICO,Aguascalientes,MEXICO,,0,60,60,3.5,3.5,DID@IP/URL,,,
524499950544,MEXICO,Aguascalientes,MEXICO,,0,60,60,3.5,3.5,DID@IP/URL,,,
524499950545,MEXICO,Aguascalientes,MEXICO,,0,60,60,3.5,3.5,DID@IP/URL,,,
524499950546,MEXICO,Aguascalientes,MEXICO,,0,60,60,3.5,3.5,DID@IP/URL,,,
524499950547,MEXICO,Aguascalientes,MEXICO,,0,60,60,3.5,3.5,DID@IP/URL,,,
524499950548,MEXICO,Aguascalientes,MEXICO,,0,60,60,3.5,3.5,DID@IP/URL,,,
524499950549,MEXICO,Aguascalientes,MEXICO,,0,60,60,3.5,3.5,DID@IP/URL,,,
524499950550,MEXICO,Aguascalientes,MEXICO,,0,60,60,3.5,3.5,DID@IP/URL,,,
524499950551,MEXICO,Aguascalientes,MEXICO,,0,60,60,3.5,3.5,DID@IP/URL,,,
524499950552,MEXICO,Aguascalientes,MEXICO,,0,60,60,3.5,3.5,DID@IP/URL,,,
524499950553,MEXICO,Aguascalientes,MEXICO,,0,60,60,3.5,3.5,DID@IP/URL,,,
524499950554,MEXICO,Aguascalientes,MEXICO,,0,60,60,3.5,3.5,DID@IP/URL,,,
524499950555,MEXICO,Aguascalientes,MEXICO,,0,60,60,3.5,3.5,DID@IP/URL,,,
524499950556,MEXICO,Aguascalientes,MEXICO,,0,60,60,3.5,3.5,DID@IP/URL,,,
524499950557,MEXICO,Aguascalientes,MEXICO,,0,60,60,3.5,3.5,DID@IP/URL,,,
524499950558,MEXICO,Aguascalientes,MEXICO,,0,60,60,3.5,3.5,DID@IP/URL,,,
524499950559,MEXICO,Aguascalientes,MEXICO,,0,60,60,3.5,3.5,DID@IP/URL,,,
524499950560,MEXICO,Aguascalientes,MEXICO,,0,60,60,3.5,3.5,DID@IP/URL,,,
524499950561,MEXICO,Aguascalientes,MEXICO,,0,60,60,3.5,3.5,DID@IP/URL,,,
524499950562,MEXICO,Aguascalientes,MEXICO,,0,60,60,3.5,3.5,DID@IP/URL,,,
524499950563,MEXICO,Aguascalientes,MEXICO,,0,60,60,3.5,3.5,DID@IP/URL,,,
524499950564,MEXICO,Aguascalientes,MEXICO,,0,60,60,3.5,3.5,DID@IP/URL,,,
524499950565,MEXICO,Aguascalientes,MEXICO,,0,60,60,3.5,3.5,DID@IP/URL,,,
524499950566,MEXICO,Aguascalientes,MEXICO,,0,60,60,3.5,3.5,DID@IP/URL,,,
524499950567,MEXICO,Aguascalientes,MEXICO,,0,60,60,3.5,3.5,DID@IP/URL,,,
524499950568,MEXICO,Aguascalientes,MEXICO,,0,60,60,3.5,3.5,DID@IP/URL,,,
524499950569,MEXICO,Aguascalientes,MEXICO,,0,60,60,3.5,3.5,DID@IP/URL,,,
524499950570,MEXICO,Aguascalientes,MEXICO,,0,60,60,3.5,3.5,DID@IP/URL,,,
524499950571,MEXICO,Aguascalientes,MEXICO,,0,60,60,3.5,3.5,DID@IP/URL,,,
524499950572,MEXICO,Aguascalientes,MEXICO,,0,60,60,3.5,3.5,DID@IP/URL,,,
524499950573,MEXICO,Aguascalientes,MEXICO,,0,60,60,3.5,3.5,DID@IP/URL,,,
524499950574,MEXICO,Aguascalientes,MEXICO,,0,60,60,3.5,3.5,DID@IP/URL,,,
524499950575,MEXICO,Aguascalientes,MEXICO,,0,60,60,3.5,3.5,DID@IP/URL,,,
524499950576,MEXICO,Aguascalientes,MEXICO,,0,60,60,3.5,3.5,DID@IP/URL,,,
524499950577,MEXICO,Aguascalientes,MEXICO,,0,60,60,3.5,3.5,DID@IP/URL,,,
524499950578,MEXICO,Aguascalientes,MEXICO,,0,60,60,3.5,3.5,DID@IP/URL,,,
524499950579,MEXICO,Aguascalientes,MEXICO,,0,60,60,3.5,3.5,DID@IP/URL,,,
524499950580,MEXICO,Aguascalientes,MEXICO,,0,60,60,3.5,3.5,DID@IP/URL,,,
524499950581,MEXICO,Aguascalientes,MEXICO,,0,60,60,3.5,3.5,DID@IP/URL,,,
524499950582,MEXICO,Aguascalientes,MEXICO,,0,60,60,3.5,3.5,DID@IP/URL,,,
524499950583,MEXICO,Aguascalientes,MEXICO,,0,60,60,3.5,3.5,DID@IP/URL,,,
524499950584,MEXICO,Aguascalientes,MEXICO,,0,60,60,3.5,3.5,DID@IP/URL,,,
524499950585,MEXICO,Aguascalientes,MEXICO,,0,60,60,3.5,3.5,DID@IP/URL,,,
524499950586,MEXICO,Aguascalientes,MEXICO,,0,60,60,3.5,3.5,DID@IP/URL,,,
524499950587,MEXICO,Aguascalientes,MEXICO,,0,60,60,3.5,3.5,DID@IP/URL,,,
524499950588,MEXICO,Aguascalientes,MEXICO,,0,60,60,3.5,3.5,DID@IP/URL,,,
524499950589,MEXICO,Aguascalientes,MEXICO,,0,60,60,3.5,3.5,DID@IP/URL,,,
524499950590,MEXICO,Aguascalientes,MEXICO,,0,60,60,3.5,3.5,DID@IP/URL,,,
524499950591,MEXICO,Aguascalientes,MEXICO,,0,60,60,3.5,3.5,DID@IP/URL,,,
524499950592,MEXICO,Aguascalientes,MEXICO,,0,60,60,3.5,3.5,DID@IP/URL,,,
524499950593,MEXICO,Aguascalientes,MEXICO,,0,60,60,3.5,3.5,DID@IP/URL,,,
524499950594,MEXICO,Aguascalientes,MEXICO,,0,60,60,3.5,3.5,DID@IP/URL,,,
524499950595,MEXICO,Aguascalientes,MEXICO,,0,60,60,3.5,3.5,DID@IP/URL,,,
524499950596,MEXICO,Aguascalientes,MEXICO,,0,60,60,3.5,3.5,DID@IP/URL,,,
524499950597,MEXICO,Aguascalientes,MEXICO,,0,60,60,3.5,3.5,DID@IP/URL,,,
524499950598,MEXICO,Aguascalientes,MEXICO,,0,60,60,3.5,3.5,DID@IP/URL,,,
524499950599,MEXICO,Aguascalientes,MEXICO,,0,60,60,3.5,3.5,DID@IP/URL,,,
524499950600,MEXICO,Aguascalientes,MEXICO,,0,60,60,3.5,3.5,DID@IP/URL,,,
524499950601,MEXICO,Aguascalientes,MEXICO,,0,60,60,3.5,3.5,DID@IP/URL,,,
524499950602,MEXICO,Aguascalientes,MEXICO,,0,60,60,3.5,3.5,DID@IP/URL,,,
524499950603,MEXICO,Aguascalientes,MEXICO,,0,60,60,3.5,3.5,DID@IP/URL,,,
524499950604,MEXICO,Aguascalientes,MEXICO,,0,60,60,3.5,3.5,DID@IP/URL,,,
524499950605,MEXICO,Aguascalientes,MEXICO,,0,60,60,3.5,3.5,DID@IP/URL,,,
524499950606,MEXICO,Aguascalientes,MEXICO,,0,60,60,3.5,3.5,DID@IP/URL,,,
524499950607,MEXICO,Aguascalientes,MEXICO,,0,60,60,3.5,3.5,DID@IP/URL,,,
524499950608,MEXICO,Aguascalientes,MEXICO,,0,60,60,3.5,3.5,DID@IP/URL,,,
524499950609,MEXICO,Aguascalientes,MEXICO,,0,60,60,3.5,3.5,DID@IP/URL,,,
524499950610,MEXICO,Aguascalientes,MEXICO,,0,60,60,3.5,3.5,DID@IP/URL,,,
524499950611,MEXICO,Aguascalientes,MEXICO,,0,60,60,3.5,3.5,DID@IP/URL,,,
524499950612,MEXICO,Aguascalientes,MEXICO,,0,60,60,3.5,3.5,DID@IP/URL,,,
524499950613,MEXICO,Aguascalientes,MEXICO,,0,60,60,3.5,3.5,DID@IP/URL,,,
524499950614,MEXICO,Aguascalientes,MEXICO,,0,60,60,3.5,3.5,DID@IP/URL,,,
524499950615,MEXICO,Aguascalientes,MEXICO,,0,60,60,3.5,3.5,DID@IP/URL,,,
524499950616,MEXICO,Aguascalientes,MEXICO,,0,60,60,3.5,3.5,DID@IP/URL,,,
524499950617,MEXICO,Aguascalientes,MEXICO,,0,60,60,3.5,3.5,DID@IP/URL,,,
524499950618,MEXICO,Aguascalientes,MEXICO,,0,60,60,3.5,3.5,DID@IP/URL,,,
524499950619,MEXICO,Aguascalientes,MEXICO,,0,60,60,3.5,3.5,DID@IP/URL,,,
524499950620,MEXICO,Aguascalientes,MEXICO,,0,60,60,3.5,3.5,DID@IP/URL,,,
524499950621,MEXICO,Aguascalientes,MEXICO,,0,60,60,3.5,3.5,DID@IP/URL,,,
524499950622,MEXICO,Aguascalientes,MEXICO,,0,60,60,3.5,3.5,DID@IP/URL,,,
524499950623,MEXICO,Aguascalientes,MEXICO,,0,60,60,3.5,3.5,DID@IP/URL,,,
524499950624,MEXICO,Aguascalientes,MEXICO,,0,60,60,3.5,3.5,DID@IP/URL,,,
524499950625,MEXICO,Aguascalientes,MEXICO,,0,60,60,3.5,3.5,DID@IP/URL,,,
524499950626,MEXICO,Aguascalientes,MEXICO,,0,60,60,3.5,3.5,DID@IP/URL,,,
524499950627,MEXICO,Aguascalientes,MEXICO,,0,60,60,3.5,3.5,DID@IP/URL,,,
524499950628,MEXICO,Aguascalientes,MEXICO,,0,60,60,3.5,3.5,DID@IP/URL,,,
524499950629,MEXICO,Aguascalientes,MEXICO,,0,60,60,3.5,3.5,DID@IP/URL,,,
524499950630,MEXICO,Aguascalientes,MEXICO,,0,60,60,3.5,3.5,DID@IP/URL,,,
524499950631,MEXICO,Aguascalientes,MEXICO,,0,60,60,3.5,3.5,DID@IP/URL,,,
524499950632,MEXICO,Aguascalientes,MEXICO,,0,60,60,3.5,3.5,DID@IP/URL,,,
524499950633,MEXICO,Aguascalientes,MEXICO,,0,60,60,3.5,3.5,DID@IP/URL,,,
524499950634,MEXICO,Aguascalientes,MEXICO,,0,60,60,3.5,3.5,DID@IP/URL,,,
524499950635,MEXICO,Aguascalientes,MEXICO,,0,60,60,3.5,3.5,DID@IP/URL,,,
524499950636,MEXICO,Aguascalientes,MEXICO,,0,60,60,3.5,3.5,DID@IP/URL,,,
524499950637,MEXICO,Aguascalientes,MEXICO,,0,60,60,3.5,3.5,DID@IP/URL,,,
524499950638,MEXICO,Aguascalientes,MEXICO,,0,60,60,3.5,3.5,DID@IP/URL,,,
524499950639,MEXICO,Aguascalientes,MEXICO,,0,60,60,3.5,3.5,DID@IP/URL,,,
524499950640,MEXICO,Aguascalientes,MEXICO,,0,60,60,3.5,3.5,DID@IP/URL,,,
524499950641,MEXICO,Aguascalientes,MEXICO,,0,60,60,3.5,3.5,DID@IP/URL,,,
524499950642,MEXICO,Aguascalientes,MEXICO,,0,60,60,3.5,3.5,DID@IP/URL,,,
524499950643,MEXICO,Aguascalientes,MEXICO,,0,60,60,3.5,3.5,DID@IP/URL,,,
524499950644,MEXICO,Aguascalientes,MEXICO,,0,60,60,3.5,3.5,DID@IP/URL,,,
524499950645,MEXICO,Aguascalientes,MEXICO,,0,60,60,3.5,3.5,DID@IP/URL,,,
524499950646,MEXICO,Aguascalientes,MEXICO,,0,60,60,3.5,3.5,DID@IP/URL,,,
524499950647,MEXICO,Aguascalientes,MEXICO,,0,60,60,3.5,3.5,DID@IP/URL,,,
524499950648,MEXICO,Aguascalientes,MEXICO,,0,60,60,3.5,3.5,DID@IP/URL,,,
524499950649,MEXICO,Aguascalientes,MEXICO,,0,60,60,3.5,3.5,DID@IP/URL,,,
524499950650,MEXICO,Aguascalientes,MEXICO,,0,60,60,3.5,3.5,DID@IP/URL,,,
524499950651,MEXICO,Aguascalientes,MEXICO,,0,60,60,3.5,3.5,DID@IP/URL,,,
524499950652,MEXICO,Aguascalientes,MEXICO,,0,60,60,3.5,3.5,DID@IP/URL,,,
524499950653,MEXICO,Aguascalientes,MEXICO,,0,60,60,3.5,3.5,DID@IP/URL,,,
524499950654,MEXICO,Aguascalientes,MEXICO,,0,60,60,3.5,3.5,DID@IP/URL,,,
524499950655,MEXICO,Aguascalientes,MEXICO,,0,60,60,3.5,3.5,DID@IP/URL,,,
524499950656,MEXICO,Aguascalientes,MEXICO,,0,60,60,3.5,3.5,DID@IP/URL,,,
524499950657,MEXICO,Aguascalientes,MEXICO,,0,60,60,3.5,3.5,DID@IP/URL,,,
524499950658,MEXICO,Aguascalientes,MEXICO,,0,60,60,3.5,3.5,DID@IP/URL,,,
524499950659,MEXICO,Aguascalientes,MEXICO,,0,60,60,3.5,3.5,DID@IP/URL,,,
524499950660,MEXICO,Aguascalientes,MEXICO,,0,60,60,3.5,3.5,DID@IP/URL,,,
524499950661,MEXICO,Aguascalientes,MEXICO,,0,60,60,3.5,3.5,DID@IP/URL,,,
524499950662,MEXICO,Aguascalientes,MEXICO,,0,60,60,3.5,3.5,DID@IP/URL,,,
524499950663,MEXICO,Aguascalientes,MEXICO,,0,60,60,3.5,3.5,DID@IP/URL,,,
524499950664,MEXICO,Aguascalientes,MEXICO,,0,60,60,3.5,3.5,DID@IP/URL,,,
524499950665,MEXICO,Aguascalientes,MEXICO,,0,60,60,3.5,3.5,DID@IP/URL,,,
524499950666,MEXICO,Aguascalientes,MEXICO,,0,60,60,3.5,3.5,DID@IP/URL,,,
524499950667,MEXICO,Aguascalientes,MEXICO,,0,60,60,3.5,3.5,DID@IP/URL,,,
524499950668,MEXICO,Aguascalientes,MEXICO,,0,60,60,3.5,3.5,DID@IP/URL,,,
524499950669,MEXICO,Aguascalientes,MEXICO,,0,60,60,3.5,3.5,DID@IP/URL,,,
524499950670,MEXICO,Aguascalientes,MEXICO,,0,60,60,3.5,3.5,DID@IP/URL,,,
524499950671,MEXICO,Aguascalientes,MEXICO,,0,60,60,3.5,3.5,DID@IP/URL,,,
524499950672,MEXICO,Aguascalientes,MEXICO,,0,60,60,3.5,3.5,DID@IP/URL,,,
524499950673,MEXICO,Aguascalientes,MEXICO,,0,60,60,3.5,3.5,DID@IP/URL,,,
524499950674,MEXICO,Aguascalientes,MEXICO,,0,60,60,3.5,3.5,DID@IP/URL,,,
524499950675,MEXICO,Aguascalientes,MEXICO,,0,60,60,3.5,3.5,DID@IP/URL,,,
524499950676,MEXICO,Aguascalientes,MEXICO,,0,60,60,3.5,3.5,DID@IP/URL,,,
524499950677,MEXICO,Aguascalientes,MEXICO,,0,60,60,3.5,3.5,DID@IP/URL,,,
524499950678,MEXICO,Aguascalientes,MEXICO,,0,60,60,3.5,3.5,DID@IP/URL,,,
524499950679,MEXICO,Aguascalientes,MEXICO,,0,60,60,3.5,3.5,DID@IP/URL,,,
524499950680,MEXICO,Aguascalientes,MEXICO,,0,60,60,3.5,3.5,DID@IP/URL,,,
524499950681,MEXICO,Aguascalientes,MEXICO,,0,60,60,3.5,3.5,DID@IP/URL,,,
524499950682,MEXICO,Aguascalientes,MEXICO,,0,60,60,3.5,3.5,DID@IP/URL,,,
524499950683,MEXICO,Aguascalientes,MEXICO,,0,60,60,3.5,3.5,DID@IP/URL,,,
524499950684,MEXICO,Aguascalientes,MEXICO,,0,60,60,3.5,3.5,DID@IP/URL,,,
524499950685,MEXICO,Aguascalientes,MEXICO,,0,60,60,3.5,3.5,DID@IP/URL,,,
524499950686,MEXICO,Aguascalientes,MEXICO,,0,60,60,3.5,3.5,DID@IP/URL,,,
524499950687,MEXICO,Aguascalientes,MEXICO,,0,60,60,3.5,3.5,DID@IP/URL,,,
524499950688,MEXICO,Aguascalientes,MEXICO,,0,60,60,3.5,3.5,DID@IP/URL,,,
524499950689,MEXICO,Aguascalientes,MEXICO,,0,60,60,3.5,3.5,DID@IP/URL,,,
524499950690,MEXICO,Aguascalientes,MEXICO,,0,60,60,3.5,3.5,DID@IP/URL,,,
524499950691,MEXICO,Aguascalientes,MEXICO,,0,60,60,3.5,3.5,DID@IP/URL,,,
524499950692,MEXICO,Aguascalientes,MEXICO,,0,60,60,3.5,3.5,DID@IP/URL,,,
524499950693,MEXICO,Aguascalientes,MEXICO,,0,60,60,3.5,3.5,DID@IP/URL,,,
524499950694,MEXICO,Aguascalientes,MEXICO,,0,60,60,3.5,3.5,DID@IP/URL,,,
524499950695,MEXICO,Aguascalientes,MEXICO,,0,60,60,3.5,3.5,DID@IP/URL,,,
524499950696,MEXICO,Aguascalientes,MEXICO,,0,60,60,3.5,3.5,DID@IP/URL,,,
524499950697,MEXICO,Aguascalientes,MEXICO,,0,60,60,3.5,3.5,DID@IP/URL,,,
524499950698,MEXICO,Aguascalientes,MEXICO,,0,60,60,3.5,3.5,DID@IP/URL,,,
524499950699,MEXICO,Aguascalientes,MEXICO,,0,60,60,3.5,3.5,DID@IP/URL,,,
524499950700,MEXICO,Aguascalientes,MEXICO,,0,60,60,3.5,3.5,DID@IP/URL,,,
524499950701,MEXICO,Aguascalientes,MEXICO,,0,60,60,3.5,3.5,DID@IP/URL,,,
524499950702,MEXICO,Aguascalientes,MEXICO,,0,60,60,3.5,3.5,DID@IP/URL,,,
524499950703,MEXICO,Aguascalientes,MEXICO,,0,60,60,3.5,3.5,DID@IP/URL,,,
524499950704,MEXICO,Aguascalientes,MEXICO,,0,60,60,3.5,3.5,DID@IP/URL,,,
524499950705,MEXICO,Aguascalientes,MEXICO,,0,60,60,3.5,3.5,DID@IP/URL,,,
524499950706,MEXICO,Aguascalientes,MEXICO,,0,60,60,3.5,3.5,DID@IP/URL,,,
524499950707,MEXICO,Aguascalientes,MEXICO,,0,60,60,3.5,3.5,DID@IP/URL,,,
524499950708,MEXICO,Aguascalientes,MEXICO,,0,60,60,3.5,3.5,DID@IP/URL,,,
524499950709,MEXICO,Aguascalientes,MEXICO,,0,60,60,3.5,3.5,DID@IP/URL,,,
524499950710,MEXICO,Aguascalientes,MEXICO,,0,60,60,3.5,3.5,DID@IP/URL,,,
524499950711,MEXICO,Aguascalientes,MEXICO,,0,60,60,3.5,3.5,DID@IP/URL,,,
524499950712,MEXICO,Aguascalientes,MEXICO,,0,60,60,3.5,3.5,DID@IP/URL,,,
524499950713,MEXICO,Aguascalientes,MEXICO,,0,60,60,3.5,3.5,DID@IP/URL,,,
524499950714,MEXICO,Aguascalientes,MEXICO,,0,60,60,3.5,3.5,DID@IP/URL,,,
524499950715,MEXICO,Aguascalientes,MEXICO,,0,60,60,3.5,3.5,DID@IP/URL,,,
524499950716,MEXICO,Aguascalientes,MEXICO,,0,60,60,3.5,3.5,DID@IP/URL,,,
524499950717,MEXICO,Aguascalientes,MEXICO,,0,60,60,3.5,3.5,DID@IP/URL,,,
524499950718,MEXICO,Aguascalientes,MEXICO,,0,60,60,3.5,3.5,DID@IP/URL,,,
524499950719,MEXICO,Aguascalientes,MEXICO,,0,60,60,3.5,3.5,DID@IP/URL,,,
524499950720,MEXICO,Aguascalientes,MEXICO,,0,60,60,3.5,3.5,DID@IP/URL,,,
524499950721,MEXICO,Aguascalientes,MEXICO,,0,60,60,3.5,3.5,DID@IP/URL,,,
524499950722,MEXICO,Aguascalientes,MEXICO,,0,60,60,3.5,3.5,DID@IP/URL,,,
524499950723,MEXICO,Aguascalientes,MEXICO,,0,60,60,3.5,3.5,DID@IP/URL,,,
524499950724,MEXICO,Aguascalientes,MEXICO,,0,60,60,3.5,3.5,DID@IP/URL,,,
524499950725,MEXICO,Aguascalientes,MEXICO,,0,60,60,3.5,3.5,DID@IP/URL,,,
524499950726,MEXICO,Aguascalientes,MEXICO,,0,60,60,3.5,3.5,DID@IP/URL,,,
524499950727,MEXICO,Aguascalientes,MEXICO,,0,60,60,3.5,3.5,DID@IP/URL,,,
524499950728,MEXICO,Aguascalientes,MEXICO,,0,60,60,3.5,3.5,DID@IP/URL,,,
524499950729,MEXICO,Aguascalientes,MEXICO,,0,60,60,3.5,3.5,DID@IP/URL,,,
524499950730,MEXICO,Aguascalientes,MEXICO,,0,60,60,3.5,3.5,DID@IP/URL,,,
524499950731,MEXICO,Aguascalientes,MEXICO,,0,60,60,3.5,3.5,DID@IP/URL,,,
524499950732,MEXICO,Aguascalientes,MEXICO,,0,60,60,3.5,3.5,DID@IP/URL,,,
524499950733,MEXICO,Aguascalientes,MEXICO,,0,60,60,3.5,3.5,DID@IP/URL,,,
524499950734,MEXICO,Aguascalientes,MEXICO,,0,60,60,3.5,3.5,DID@IP/URL,,,
524499950735,MEXICO,Aguascalientes,MEXICO,,0,60,60,3.5,3.5,DID@IP/URL,,,
524499950736,MEXICO,Aguascalientes,MEXICO,,0,60,60,3.5,3.5,DID@IP/URL,,,
524499950737,MEXICO,Aguascalientes,MEXICO,,0,60,60,3.5,3.5,DID@IP/URL,,,
524499950738,MEXICO,Aguascalientes,MEXICO,,0,60,60,3.5,3.5,DID@IP/URL,,,
524499950739,MEXICO,Aguascalientes,MEXICO,,0,60,60,3.5,3.5,DID@IP/URL,,,
524499950740,MEXICO,Aguascalientes,MEXICO,,0,60,60,3.5,3.5,DID@IP/URL,,,
524499950741,MEXICO,Aguascalientes,MEXICO,,0,60,60,3.5,3.5,DID@IP/URL,,,
524499950742,MEXICO,Aguascalientes,MEXICO,,0,60,60,3.5,3.5,DID@IP/URL,,,
524499950743,MEXICO,Aguascalientes,MEXICO,,0,60,60,3.5,3.5,DID@IP/URL,,,
524499950744,MEXICO,Aguascalientes,MEXICO,,0,60,60,3.5,3.5,DID@IP/URL,,,
524499950745,MEXICO,Aguascalientes,MEXICO,,0,60,60,3.5,3.5,DID@IP/URL,,,
524499950746,MEXICO,Aguascalientes,MEXICO,,0,60,60,3.5,3.5,DID@IP/URL,,,
524499950747,MEXICO,Aguascalientes,MEXICO,,0,60,60,3.5,3.5,DID@IP/URL,,,
524499950748,MEXICO,Aguascalientes,MEXICO,,0,60,60,3.5,3.5,DID@IP/URL,,,
524499950749,MEXICO,Aguascalientes,MEXICO,,0,60,60,3.5,3.5,DID@IP/URL,,,
524499950750,MEXICO,Aguascalientes,MEXICO,,0,60,60,3.5,3.5,DID@IP/URL,,,
524499950751,MEXICO,Aguascalientes,MEXICO,,0,60,60,3.5,3.5,DID@IP/URL,,,
524499950752,MEXICO,Aguascalientes,MEXICO,,0,60,60,3.5,3.5,DID@IP/URL,,,
524499950753,MEXICO,Aguascalientes,MEXICO,,0,60,60,3.5,3.5,DID@IP/URL,,,
524499950754,MEXICO,Aguascalientes,MEXICO,,0,60,60,3.5,3.5,DID@IP/URL,,,
524499950755,MEXICO,Aguascalientes,MEXICO,,0,60,60,3.5,3.5,DID@IP/URL,,,
524499950756,MEXICO,Aguascalientes,MEXICO,,0,60,60,3.5,3.5,DID@IP/URL,,,
524499950757,MEXICO,Aguascalientes,MEXICO,,0,60,60,3.5,3.5,DID@IP/URL,,,
524499950758,MEXICO,Aguascalientes,MEXICO,,0,60,60,3.5,3.5,DID@IP/URL,,,
524499950759,MEXICO,Aguascalientes,MEXICO,,0,60,60,3.5,3.5,DID@IP/URL,,,
524499950760,MEXICO,Aguascalientes,MEXICO,,0,60,60,3.5,3.5,DID@IP/URL,,,
524499950761,MEXICO,Aguascalientes,MEXICO,,0,60,60,3.5,3.5,DID@IP/URL,,,
524499950762,MEXICO,Aguascalientes,MEXICO,,0,60,60,3.5,3.5,DID@IP/URL,,,
524499950763,MEXICO,Aguascalientes,MEXICO,,0,60,60,3.5,3.5,DID@IP/URL,,,
524499950764,MEXICO,Aguascalientes,MEXICO,,0,60,60,3.5,3.5,DID@IP/URL,,,
524499950765,MEXICO,Aguascalientes,MEXICO,,0,60,60,3.5,3.5,DID@IP/URL,,,
524499950766,MEXICO,Aguascalientes,MEXICO,,0,60,60,3.5,3.5,DID@IP/URL,,,
524499950767,MEXICO,Aguascalientes,MEXICO,,0,60,60,3.5,3.5,DID@IP/URL,,,
524499950768,MEXICO,Aguascalientes,MEXICO,,0,60,60,3.5,3.5,DID@IP/URL,,,
524499950769,MEXICO,Aguascalientes,MEXICO,,0,60,60,3.5,3.5,DID@IP/URL,,,
524499950770,MEXICO,Aguascalientes,MEXICO,,0,60,60,3.5,3.5,DID@IP/URL,,,
524499950771,MEXICO,Aguascalientes,MEXICO,,0,60,60,3.5,3.5,DID@IP/URL,,,
524499950772,MEXICO,Aguascalientes,MEXICO,,0,60,60,3.5,3.5,DID@IP/URL,,,
524499950773,MEXICO,Aguascalientes,MEXICO,,0,60,60,3.5,3.5,DID@IP/URL,,,
524499950774,MEXICO,Aguascalientes,MEXICO,,0,60,60,3.5,3.5,DID@IP/URL,,,
524499950775,MEXICO,Aguascalientes,MEXICO,,0,60,60,3.5,3.5,DID@IP/URL,,,
524499950776,MEXICO,Aguascalientes,MEXICO,,0,60,60,3.5,3.5,DID@IP/URL,,,
524499950777,MEXICO,Aguascalientes,MEXICO,,0,60,60,3.5,3.5,DID@IP/URL,,,
524499950778,MEXICO,Aguascalientes,MEXICO,,0,60,60,3.5,3.5,DID@IP/URL,,,
524499950779,MEXICO,Aguascalientes,MEXICO,,0,60,60,3.5,3.5,DID@IP/URL,,,
524499950780,MEXICO,Aguascalientes,MEXICO,,0,60,60,3.5,3.5,DID@IP/URL,,,
524499950781,MEXICO,Aguascalientes,MEXICO,,0,60,60,3.5,3.5,DID@IP/URL,,,
524499950782,MEXICO,Aguascalientes,MEXICO,,0,60,60,3.5,3.5,DID@IP/URL,,,
524499950783,MEXICO,Aguascalientes,MEXICO,,0,60,60,3.5,3.5,DID@IP/URL,,,
524499950784,MEXICO,Aguascalientes,MEXICO,,0,60,60,3.5,3.5,DID@IP/URL,,,
524499950785,MEXICO,Aguascalientes,MEXICO,,0,60,60,3.5,3.5,DID@IP/URL,,,
524499950786,MEXICO,Aguascalientes,MEXICO,,0,60,60,3.5,3.5,DID@IP/URL,,,
524499950787,MEXICO,Aguascalientes,MEXICO,,0,60,60,3.5,3.5,DID@IP/URL,,,
524499950788,MEXICO,Aguascalientes,MEXICO,,0,60,60,3.5,3.5,DID@IP/URL,,,
524499950789,MEXICO,Aguascalientes,MEXICO,,0,60,60,3.5,3.5,DID@IP/URL,,,
524499950790,MEXICO,Aguascalientes,MEXICO,,0,60,60,3.5,3.5,DID@IP/URL,,,
524499950791,MEXICO,Aguascalientes,MEXICO,,0,60,60,3.5,3.5,DID@IP/URL,,,
524499950792,MEXICO,Aguascalientes,MEXICO,,0,60,60,3.5,3.5,DID@IP/URL,,,
524499950793,MEXICO,Aguascalientes,MEXICO,,0,60,60,3.5,3.5,DID@IP/URL,,,
524499950794,MEXICO,Aguascalientes,MEXICO,,0,60,60,3.5,3.5,DID@IP/URL,,,
524499950795,MEXICO,Aguascalientes,MEXICO,,0,60,60,3.5,3.5,DID@IP/URL,,,
524499950796,MEXICO,Aguascalientes,MEXICO,,0,60,60,3.5,3.5,DID@IP/URL,,,
524499950797,MEXICO,Aguascalientes,MEXICO,,0,60,60,3.5,3.5,DID@IP/URL,,,
524499950798,MEXICO,Aguascalientes,MEXICO,,0,60,60,3.5,3.5,DID@IP/URL,,,
524499950799,MEXICO,Aguascalientes,MEXICO,,0,60,60,3.5,3.5,DID@IP/URL,,,
524499950800,MEXICO,Aguascalientes,MEXICO,,0,60,60,3.5,3.5,DID@IP/URL,,,
524499950801,MEXICO,Aguascalientes,MEXICO,,0,60,60,3.5,3.5,DID@IP/URL,,,
524499950802,MEXICO,Aguascalientes,MEXICO,,0,60,60,3.5,3.5,DID@IP/URL,,,
524499950803,MEXICO,Aguascalientes,MEXICO,,0,60,60,3.5,3.5,DID@IP/URL,,,
524499950804,MEXICO,Aguascalientes,MEXICO,,0,60,60,3.5,3.5,DID@IP/URL,,,
524499950805,MEXICO,Aguascalientes,MEXICO,,0,60,60,3.5,3.5,DID@IP/URL,,,
524499950806,MEXICO,Aguascalientes,MEXICO,,0,60,60,3.5,3.5,DID@IP/URL,,,
524499950807,MEXICO,Aguascalientes,MEXICO,,0,60,60,3.5,3.5,DID@IP/URL,,,
524499950808,MEXICO,Aguascalientes,MEXICO,,0,60,60,3.5,3.5,DID@IP/URL,,,
524499950809,MEXICO,Aguascalientes,MEXICO,,0,60,60,3.5,3.5,DID@IP/URL,,,
524499950810,MEXICO,Aguascalientes,MEXICO,,0,60,60,3.5,3.5,DID@IP/URL,,,
524499950811,MEXICO,Aguascalientes,MEXICO,,0,60,60,3.5,3.5,DID@IP/URL,,,
524499950812,MEXICO,Aguascalientes,MEXICO,,0,60,60,3.5,3.5,DID@IP/URL,,,
524499950813,MEXICO,Aguascalientes,MEXICO,,0,60,60,3.5,3.5,DID@IP/URL,,,
524499950814,MEXICO,Aguascalientes,MEXICO,,0,60,60,3.5,3.5,DID@IP/URL,,,
524499950815,MEXICO,Aguascalientes,MEXICO,,0,60,60,3.5,3.5,DID@IP/URL,,,
524499950816,MEXICO,Aguascalientes,MEXICO,,0,60,60,3.5,3.5,DID@IP/URL,,,
524499950817,MEXICO,Aguascalientes,MEXICO,,0,60,60,3.5,3.5,DID@IP/URL,,,
524499950818,MEXICO,Aguascalientes,MEXICO,,0,60,60,3.5,3.5,DID@IP/URL,,,
524499950819,MEXICO,Aguascalientes,MEXICO,,0,60,60,3.5,3.5,DID@IP/URL,,,
524499950820,MEXICO,Aguascalientes,MEXICO,,0,60,60,3.5,3.5,DID@IP/URL,,,
524499950821,MEXICO,Aguascalientes,MEXICO,,0,60,60,3.5,3.5,DID@IP/URL,,,
524499950822,MEXICO,Aguascalientes,MEXICO,,0,60,60,3.5,3.5,DID@IP/URL,,,
524499950823,MEXICO,Aguascalientes,MEXICO,,0,60,60,3.5,3.5,DID@IP/URL,,,
524499950824,MEXICO,Aguascalientes,MEXICO,,0,60,60,3.5,3.5,DID@IP/URL,,,
524499950825,MEXICO,Aguascalientes,MEXICO,,0,60,60,3.5,3.5,DID@IP/URL,,,
524499950826,MEXICO,Aguascalientes,MEXICO,,0,60,60,3.5,3.5,DID@IP/URL,,,
524499950827,MEXICO,Aguascalientes,MEXICO,,0,60,60,3.5,3.5,DID@IP/URL,,,
524499950828,MEXICO,Aguascalientes,MEXICO,,0,60,60,3.5,3.5,DID@IP/URL,,,
524499950829,MEXICO,Aguascalientes,MEXICO,,0,60,60,3.5,3.5,DID@IP/URL,,,
524499950830,MEXICO,Aguascalientes,MEXICO,,0,60,60,3.5,3.5,DID@IP/URL,,,
524499950831,MEXICO,Aguascalientes,MEXICO,,0,60,60,3.5,3.5,DID@IP/URL,,,
524499950832,MEXICO,Aguascalientes,MEXICO,,0,60,60,3.5,3.5,DID@IP/URL,,,
524499950833,MEXICO,Aguascalientes,MEXICO,,0,60,60,3.5,3.5,DID@IP/URL,,,
524499950834,MEXICO,Aguascalientes,MEXICO,,0,60,60,3.5,3.5,DID@IP/URL,,,
524499950835,MEXICO,Aguascalientes,MEXICO,,0,60,60,3.5,3.5,DID@IP/URL,,,
524499950836,MEXICO,Aguascalientes,MEXICO,,0,60,60,3.5,3.5,DID@IP/URL,,,
524499950837,MEXICO,Aguascalientes,MEXICO,,0,60,60,3.5,3.5,DID@IP/URL,,,
524499950838,MEXICO,Aguascalientes,MEXICO,,0,60,60,3.5,3.5,DID@IP/URL,,,
524499950839,MEXICO,Aguascalientes,MEXICO,,0,60,60,3.5,3.5,DID@IP/URL,,,
524499950840,MEXICO,Aguascalientes,MEXICO,,0,60,60,3.5,3.5,DID@IP/URL,,,
524499950841,MEXICO,Aguascalientes,MEXICO,,0,60,60,3.5,3.5,DID@IP/URL,,,
524499950842,MEXICO,Aguascalientes,MEXICO,,0,60,60,3.5,3.5,DID@IP/URL,,,
524499950843,MEXICO,Aguascalientes,MEXICO,,0,60,60,3.5,3.5,DID@IP/URL,,,
524499950844,MEXICO,Aguascalientes,MEXICO,,0,60,60,3.5,3.5,DID@IP/URL,,,
524499950845,MEXICO,Aguascalientes,MEXICO,,0,60,60,3.5,3.5,DID@IP/URL,,,
524499950846,MEXICO,Aguascalientes,MEXICO,,0,60,60,3.5,3.5,DID@IP/URL,,,
524499950847,MEXICO,Aguascalientes,MEXICO,,0,60,60,3.5,3.5,DID@IP/URL,,,
524499950848,MEXICO,Aguascalientes,MEXICO,,0,60,60,3.5,3.5,DID@IP/URL,,,
524499950849,MEXICO,Aguascalientes,MEXICO,,0,60,60,3.5,3.5,DID@IP/URL,,,
524499950850,MEXICO,Aguascalientes,MEXICO,,0,60,60,3.5,3.5,DID@IP/URL,,,
524499950851,MEXICO,Aguascalientes,MEXICO,,0,60,60,3.5,3.5,DID@IP/URL,,,
524499950852,MEXICO,Aguascalientes,MEXICO,,0,60,60,3.5,3.5,DID@IP/URL,,,
524499950853,MEXICO,Aguascalientes,MEXICO,,0,60,60,3.5,3.5,DID@IP/URL,,,
524499950854,MEXICO,Aguascalientes,MEXICO,,0,60,60,3.5,3.5,DID@IP/URL,,,
524499950855,MEXICO,Aguascalientes,MEXICO,,0,60,60,3.5,3.5,DID@IP/URL,,,
524499950856,MEXICO,Aguascalientes,MEXICO,,0,60,60,3.5,3.5,DID@IP/URL,,,
524499950857,MEXICO,Aguascalientes,MEXICO,,0,60,60,3.5,3.5,DID@IP/URL,,,
524499950858,MEXICO,Aguascalientes,MEXICO,,0,60,60,3.5,3.5,DID@IP/URL,,,
524499950859,MEXICO,Aguascalientes,MEXICO,,0,60,60,3.5,3.5,DID@IP/URL,,,
524499950860,MEXICO,Aguascalientes,MEXICO,,0,60,60,3.5,3.5,DID@IP/URL,,,
524499950861,MEXICO,Aguascalientes,MEXICO,,0,60,60,3.5,3.5,DID@IP/URL,,,
524499950862,MEXICO,Aguascalientes,MEXICO,,0,60,60,3.5,3.5,DID@IP/URL,,,
524499950863,MEXICO,Aguascalientes,MEXICO,,0,60,60,3.5,3.5,DID@IP/URL,,,
524499950864,MEXICO,Aguascalientes,MEXICO,,0,60,60,3.5,3.5,DID@IP/URL,,,
524499950865,MEXICO,Aguascalientes,MEXICO,,0,60,60,3.5,3.5,DID@IP/URL,,,
524499950866,MEXICO,Aguascalientes,MEXICO,,0,60,60,3.5,3.5,DID@IP/URL,,,
524499950867,MEXICO,Aguascalientes,MEXICO,,0,60,60,3.5,3.5,DID@IP/URL,,,
524499950868,MEXICO,Aguascalientes,MEXICO,,0,60,60,3.5,3.5,DID@IP/URL,,,
524499950869,MEXICO,Aguascalientes,MEXICO,,0,60,60,3.5,3.5,DID@IP/URL,,,
524499950870,MEXICO,Aguascalientes,MEXICO,,0,60,60,3.5,3.5,DID@IP/URL,,,
524499950871,MEXICO,Aguascalientes,MEXICO,,0,60,60,3.5,3.5,DID@IP/URL,,,
524499950872,MEXICO,Aguascalientes,MEXICO,,0,60,60,3.5,3.5,DID@IP/URL,,,
524499950873,MEXICO,Aguascalientes,MEXICO,,0,60,60,3.5,3.5,DID@IP/URL,,,
524499950874,MEXICO,Aguascalientes,MEXICO,,0,60,60,3.5,3.5,DID@IP/URL,,,
524499950875,MEXICO,Aguascalientes,MEXICO,,0,60,60,3.5,3.5,DID@IP/URL,,,
524499950876,MEXICO,Aguascalientes,MEXICO,,0,60,60,3.5,3.5,DID@IP/URL,,,
524499950877,MEXICO,Aguascalientes,MEXICO,,0,60,60,3.5,3.5,DID@IP/URL,,,
524499950878,MEXICO,Aguascalientes,MEXICO,,0,60,60,3.5,3.5,DID@IP/URL,,,
524499950879,MEXICO,Aguascalientes,MEXICO,,0,60,60,3.5,3.5,DID@IP/URL,,,
524499950880,MEXICO,Aguascalientes,MEXICO,,0,60,60,3.5,3.5,DID@IP/URL,,,
524499950881,MEXICO,Aguascalientes,MEXICO,,0,60,60,3.5,3.5,DID@IP/URL,,,
524499950882,MEXICO,Aguascalientes,MEXICO,,0,60,60,3.5,3.5,DID@IP/URL,,,
524499950883,MEXICO,Aguascalientes,MEXICO,,0,60,60,3.5,3.5,DID@IP/URL,,,
524499950884,MEXICO,Aguascalientes,MEXICO,,0,60,60,3.5,3.5,DID@IP/URL,,,
524499950885,MEXICO,Aguascalientes,MEXICO,,0,60,60,3.5,3.5,DID@IP/URL,,,
524499950886,MEXICO,Aguascalientes,MEXICO,,0,60,60,3.5,3.5,DID@IP/URL,,,
524499950887,MEXICO,Aguascalientes,MEXICO,,0,60,60,3.5,3.5,DID@IP/URL,,,
524499950888,MEXICO,Aguascalientes,MEXICO,,0,60,60,3.5,3.5,DID@IP/URL,,,
524499950889,MEXICO,Aguascalientes,MEXICO,,0,60,60,3.5,3.5,DID@IP/URL,,,
524499950890,MEXICO,Aguascalientes,MEXICO,,0,60,60,3.5,3.5,DID@IP/URL,,,
524499950891,MEXICO,Aguascalientes,MEXICO,,0,60,60,3.5,3.5,DID@IP/URL,,,
524499950892,MEXICO,Aguascalientes,MEXICO,,0,60,60,3.5,3.5,DID@IP/URL,,,
524499950893,MEXICO,Aguascalientes,MEXICO,,0,60,60,3.5,3.5,DID@IP/URL,,,
524499950894,MEXICO,Aguascalientes,MEXICO,,0,60,60,3.5,3.5,DID@IP/URL,,,
524499950895,MEXICO,Aguascalientes,MEXICO,,0,60,60,3.5,3.5,DID@IP/URL,,,
524499950896,MEXICO,Aguascalientes,MEXICO,,0,60,60,3.5,3.5,DID@IP/URL,,,
524499950897,MEXICO,Aguascalientes,MEXICO,,0,60,60,3.5,3.5,DID@IP/URL,,,
524499950898,MEXICO,Aguascalientes,MEXICO,,0,60,60,3.5,3.5,DID@IP/URL,,,
524499950899,MEXICO,Aguascalientes,MEXICO,,0,60,60,3.5,3.5,DID@IP/URL,,,
524499950900,MEXICO,Aguascalientes,MEXICO,,0,60,60,3.5,3.5,DID@IP/URL,,,
524499950901,MEXICO,Aguascalientes,MEXICO,,0,60,60,3.5,3.5,DID@IP/URL,,,
524499950902,MEXICO,Aguascalientes,MEXICO,,0,60,60,3.5,3.5,DID@IP/URL,,,
524499950903,MEXICO,Aguascalientes,MEXICO,,0,60,60,3.5,3.5,DID@IP/URL,,,
524499950904,MEXICO,Aguascalientes,MEXICO,,0,60,60,3.5,3.5,DID@IP/URL,,,
524499950905,MEXICO,Aguascalientes,MEXICO,,0,60,60,3.5,3.5,DID@IP/URL,,,
524499950906,MEXICO,Aguascalientes,MEXICO,,0,60,60,3.5,3.5,DID@IP/URL,,,
524499950907,MEXICO,Aguascalientes,MEXICO,,0,60,60,3.5,3.5,DID@IP/URL,,,
524499950908,MEXICO,Aguascalientes,MEXICO,,0,60,60,3.5,3.5,DID@IP/URL,,,
524499950909,MEXICO,Aguascalientes,MEXICO,,0,60,60,3.5,3.5,DID@IP/URL,,,
524499950910,MEXICO,Aguascalientes,MEXICO,,0,60,60,3.5,3.5,DID@IP/URL,,,
524499950911,MEXICO,Aguascalientes,MEXICO,,0,60,60,3.5,3.5,DID@IP/URL,,,
524499950912,MEXICO,Aguascalientes,MEXICO,,0,60,60,3.5,3.5,DID@IP/URL,,,
524499950913,MEXICO,Aguascalientes,MEXICO,,0,60,60,3.5,3.5,DID@IP/URL,,,
524499950914,MEXICO,Aguascalientes,MEXICO,,0,60,60,3.5,3.5,DID@IP/URL,,,
524499950915,MEXICO,Aguascalientes,MEXICO,,0,60,60,3.5,3.5,DID@IP/URL,,,
524499950916,MEXICO,Aguascalientes,MEXICO,,0,60,60,3.5,3.5,DID@IP/URL,,,
524499950917,MEXICO,Aguascalientes,MEXICO,,0,60,60,3.5,3.5,DID@IP/URL,,,
524499950918,MEXICO,Aguascalientes,MEXICO,,0,60,60,3.5,3.5,DID@IP/URL,,,
524499950919,MEXICO,Aguascalientes,MEXICO,,0,60,60,3.5,3.5,DID@IP/URL,,,
524499950920,MEXICO,Aguascalientes,MEXICO,,0,60,60,3.5,3.5,DID@IP/URL,,,
524499950921,MEXICO,Aguascalientes,MEXICO,,0,60,60,3.5,3.5,DID@IP/URL,,,
524499950922,MEXICO,Aguascalientes,MEXICO,,0,60,60,3.5,3.5,DID@IP/URL,,,
524499950923,MEXICO,Aguascalientes,MEXICO,,0,60,60,3.5,3.5,DID@IP/URL,,,
524499950924,MEXICO,Aguascalientes,MEXICO,,0,60,60,3.5,3.5,DID@IP/URL,,,
524499950925,MEXICO,Aguascalientes,MEXICO,,0,60,60,3.5,3.5,DID@IP/URL,,,
524499950926,MEXICO,Aguascalientes,MEXICO,,0,60,60,3.5,3.5,DID@IP/URL,,,
524499950927,MEXICO,Aguascalientes,MEXICO,,0,60,60,3.5,3.5,DID@IP/URL,,,
524499950928,MEXICO,Aguascalientes,MEXICO,,0,60,60,3.5,3.5,DID@IP/URL,,,
524499950929,MEXICO,Aguascalientes,MEXICO,,0,60,60,3.5,3.5,DID@IP/URL,,,
524499950930,MEXICO,Aguascalientes,MEXICO,,0,60,60,3.5,3.5,DID@IP/URL,,,
524499950931,MEXICO,Aguascalientes,MEXICO,,0,60,60,3.5,3.5,DID@IP/URL,,,
524499950932,MEXICO,Aguascalientes,MEXICO,,0,60,60,3.5,3.5,DID@IP/URL,,,
524499950933,MEXICO,Aguascalientes,MEXICO,,0,60,60,3.5,3.5,DID@IP/URL,,,
524499950934,MEXICO,Aguascalientes,MEXICO,,0,60,60,3.5,3.5,DID@IP/URL,,,
524499950935,MEXICO,Aguascalientes,MEXICO,,0,60,60,3.5,3.5,DID@IP/URL,,,
524499950936,MEXICO,Aguascalientes,MEXICO,,0,60,60,3.5,3.5,DID@IP/URL,,,
524499950937,MEXICO,Aguascalientes,MEXICO,,0,60,60,3.5,3.5,DID@IP/URL,,,
524499950938,MEXICO,Aguascalientes,MEXICO,,0,60,60,3.5,3.5,DID@IP/URL,,,
524499950939,MEXICO,Aguascalientes,MEXICO,,0,60,60,3.5,3.5,DID@IP/URL,,,
524499950940,MEXICO,Aguascalientes,MEXICO,,0,60,60,3.5,3.5,DID@IP/URL,,,
524499950941,MEXICO,Aguascalientes,MEXICO,,0,60,60,3.5,3.5,DID@IP/URL,,,
524499950942,MEXICO,Aguascalientes,MEXICO,,0,60,60,3.5,3.5,DID@IP/URL,,,
524499950943,MEXICO,Aguascalientes,MEXICO,,0,60,60,3.5,3.5,DID@IP/URL,,,
524499950944,MEXICO,Aguascalientes,MEXICO,,0,60,60,3.5,3.5,DID@IP/URL,,,
524499950945,MEXICO,Aguascalientes,MEXICO,,0,60,60,3.5,3.5,DID@IP/URL,,,
524499950946,MEXICO,Aguascalientes,MEXICO,,0,60,60,3.5,3.5,DID@IP/URL,,,
524499950947,MEXICO,Aguascalientes,MEXICO,,0,60,60,3.5,3.5,DID@IP/URL,,,
524499950948,MEXICO,Aguascalientes,MEXICO,,0,60,60,3.5,3.5,DID@IP/URL,,,
524499950949,MEXICO,Aguascalientes,MEXICO,,0,60,60,3.5,3.5,DID@IP/URL,,,
524499950950,MEXICO,Aguascalientes,MEXICO,,0,60,60,3.5,3.5,DID@IP/URL,,,
524499950951,MEXICO,Aguascalientes,MEXICO,,0,60,60,3.5,3.5,DID@IP/URL,,,
524499950952,MEXICO,Aguascalientes,MEXICO,,0,60,60,3.5,3.5,DID@IP/URL,,,
524499950953,MEXICO,Aguascalientes,MEXICO,,0,60,60,3.5,3.5,DID@IP/URL,,,
524499950954,MEXICO,Aguascalientes,MEXICO,,0,60,60,3.5,3.5,DID@IP/URL,,,
524499950955,MEXICO,Aguascalientes,MEXICO,,0,60,60,3.5,3.5,DID@IP/URL,,,
524499950956,MEXICO,Aguascalientes,MEXICO,,0,60,60,3.5,3.5,DID@IP/URL,,,
524499950957,MEXICO,Aguascalientes,MEXICO,,0,60,60,3.5,3.5,DID@IP/URL,,,
524499950958,MEXICO,Aguascalientes,MEXICO,,0,60,60,3.5,3.5,DID@IP/URL,,,
524499950959,MEXICO,Aguascalientes,MEXICO,,0,60,60,3.5,3.5,DID@IP/URL,,,
524499950960,MEXICO,Aguascalientes,MEXICO,,0,60,60,3.5,3.5,DID@IP/URL,,,
524499950961,MEXICO,Aguascalientes,MEXICO,,0,60,60,3.5,3.5,DID@IP/URL,,,
524499950962,MEXICO,Aguascalientes,MEXICO,,0,60,60,3.5,3.5,DID@IP/URL,,,
524499950963,MEXICO,Aguascalientes,MEXICO,,0,60,60,3.5,3.5,DID@IP/URL,,,
524499950964,MEXICO,Aguascalientes,MEXICO,,0,60,60,3.5,3.5,DID@IP/URL,,,
524499950965,MEXICO,Aguascalientes,MEXICO,,0,60,60,3.5,3.5,DID@IP/URL,,,
524499950966,MEXICO,Aguascalientes,MEXICO,,0,60,60,3.5,3.5,DID@IP/URL,,,
524499950967,MEXICO,Aguascalientes,MEXICO,,0,60,60,3.5,3.5,DID@IP/URL,,,
524499950968,MEXICO,Aguascalientes,MEXICO,,0,60,60,3.5,3.5,DID@IP/URL,,,
524499950969,MEXICO,Aguascalientes,MEXICO,,0,60,60,3.5,3.5,DID@IP/URL,,,
524499950970,MEXICO,Aguascalientes,MEXICO,,0,60,60,3.5,3.5,DID@IP/URL,,,
524499950971,MEXICO,Aguascalientes,MEXICO,,0,60,60,3.5,3.5,DID@IP/URL,,,
524499950972,MEXICO,Aguascalientes,MEXICO,,0,60,60,3.5,3.5,DID@IP/URL,,,
524499950973,MEXICO,Aguascalientes,MEXICO,,0,60,60,3.5,3.5,DID@IP/URL,,,
524499950974,MEXICO,Aguascalientes,MEXICO,,0,60,60,3.5,3.5,DID@IP/URL,,,
524499950975,MEXICO,Aguascalientes,MEXICO,,0,60,60,3.5,3.5,DID@IP/URL,,,
524499950976,MEXICO,Aguascalientes,MEXICO,,0,60,60,3.5,3.5,DID@IP/URL,,,
524499950977,MEXICO,Aguascalientes,MEXICO,,0,60,60,3.5,3.5,DID@IP/URL,,,
524499950978,MEXICO,Aguascalientes,MEXICO,,0,60,60,3.5,3.5,DID@IP/URL,,,
524499950979,MEXICO,Aguascalientes,MEXICO,,0,60,60,3.5,3.5,DID@IP/URL,,,
524499950980,MEXICO,Aguascalientes,MEXICO,,0,60,60,3.5,3.5,DID@IP/URL,,,
524499950981,MEXICO,Aguascalientes,MEXICO,,0,60,60,3.5,3.5,DID@IP/URL,,,
524499950982,MEXICO,Aguascalientes,MEXICO,,0,60,60,3.5,3.5,DID@IP/URL,,,
524499950983,MEXICO,Aguascalientes,MEXICO,,0,60,60,3.5,3.5,DID@IP/URL,,,
524499950984,MEXICO,Aguascalientes,MEXICO,,0,60,60,3.5,3.5,DID@IP/URL,,,
524499950985,MEXICO,Aguascalientes,MEXICO,,0,60,60,3.5,3.5,DID@IP/URL,,,
524499950986,MEXICO,Aguascalientes,MEXICO,,0,60,60,3.5,3.5,DID@IP/URL,,,
524499950987,MEXICO,Aguascalientes,MEXICO,,0,60,60,3.5,3.5,DID@IP/URL,,,
524499950988,MEXICO,Aguascalientes,MEXICO,,0,60,60,3.5,3.5,DID@IP/URL,,,
524499950989,MEXICO,Aguascalientes,MEXICO,,0,60,60,3.5,3.5,DID@IP/URL,,,
524499950990,MEXICO,Aguascalientes,MEXICO,,0,60,60,3.5,3.5,DID@IP/URL,,,
524499950991,MEXICO,Aguascalientes,MEXICO,,0,60,60,3.5,3.5,DID@IP/URL,,,
524499950992,MEXICO,Aguascalientes,MEXICO,,0,60,60,3.5,3.5,DID@IP/URL,,,
524499950993,MEXICO,Aguascalientes,MEXICO,,0,60,60,3.5,3.5,DID@IP/URL,,,
524499950994,MEXICO,Aguascalientes,MEXICO,,0,60,60,3.5,3.5,DID@IP/URL,,,
524499950995,MEXICO,Aguascalientes,MEXICO,,0,60,60,3.5,3.5,DID@IP/URL,,,
524499950996,MEXICO,Aguascalientes,MEXICO,,0,60,60,3.5,3.5,DID@IP/URL,,,
524499950997,MEXICO,Aguascalientes,MEXICO,,0,60,60,3.5,3.5,DID@IP/URL,,,
524499950998,MEXICO,Aguascalientes,MEXICO,,0,60,60,3.5,3.5,DID@IP/URL,,,
524499950999,MEXICO,Aguascalientes,MEXICO,,0,60,60,3.5,3.5,DID@IP/URL,,,
