CODE,DESTINATION,CONNEC COSTO,COST /MIN,GRACE TIME,INITIAL INCR,INCREMENT,STRIP,PRIORITY,PREPEND
34,Spain,0,0.9653,0,1,1,0,1,
346,Spain Cellular,0,0.7425,0,1,1,0,1,
346340,Spain Cellular,0,0.7425,0,1,1,0,1,
346341,Spain Cellular,0,0.7425,0,1,1,0,1,
346344,Spain Cellular,0,0.7425,0,1,1,0,1,
346725,Spain Cellular,0,0.7425,0,1,1,0,1,
346728,Spain Cellular,0,0.7425,0,1,1,0,1,
346729,Spain Cellular,0,0.7425,0,1,1,0,1,
347,Spain Cellular,0,0.7425,0,1,1,0,1,
346020,Spain Cellular-Lycamobile,0,0.7088,0,1,1,0,1,
346021,Spain Cellular-Lycamobile,0,0.7088,0,1,1,0,1,
346023,Spain Cellular-Lycamobile,0,0.7088,0,1,1,0,1,
346028,Spain Cellular-Lycamobile,0,0.7088,0,1,1,0,1,
346122,Spain Cellular-Lycamobile,0,0.7088,0,1,1,0,1,
346124,Spain Cellular-Lycamobile,0,0.7088,0,1,1,0,1,
346125,Spain Cellular-Lycamobile,0,0.7088,0,1,1,0,1,
34631,Spain Cellular-Lycamobile,0,0.7088,0,1,1,0,1,
34632,Spain Cellular-Lycamobile,0,0.7088,0,1,1,0,1,
34590100,Spain Cellular-M2m,0,0.7088,0,1,1,0,1,
34590101,Spain Cellular-M2m,0,0.7088,0,1,1,0,1,
34590102,Spain Cellular-M2m,0,0.7088,0,1,1,0,1,
34590590,Spain Cellular-M2m,0,0.7088,0,1,1,0,1,
34590600,Spain Cellular-M2m,0,0.7088,0,1,1,0,1,
34590622,Spain Cellular-M2m,0,0.7088,0,1,1,0,1,
34590656,Spain Cellular-M2m,0,0.7088,0,1,1,0,1,
34590743,Spain Cellular-M2m,0,0.7088,0,1,1,0,1,
34590909,Spain Cellular-M2m,0,0.7088,0,1,1,0,1,
346016,Spain Cellular-Orange,0,0.7425,0,1,1,0,1,
346029,Spain Cellular-Orange,0,0.7425,0,1,1,0,1,
34605,Spain Cellular-Orange,0,0.7425,0,1,1,0,1,
346110,Spain Cellular-Orange,0,0.7425,0,1,1,0,1,
346120,Spain Cellular-Orange,0,0.7425,0,1,1,0,1,
346121,Spain Cellular-Orange,0,0.7425,0,1,1,0,1,
34615,Spain Cellular-Orange,0,0.7425,0,1,1,0,1,
346210,Spain Cellular-Orange,0,0.7425,0,1,1,0,1,
346213,Spain Cellular-Orange,0,0.7425,0,1,1,0,1,
34625,Spain Cellular-Orange,0,0.7425,0,1,1,0,1,
34635,Spain Cellular-Orange,0,0.7425,0,1,1,0,1,
346400,Spain Cellular-Orange,0,0.7425,0,1,1,0,1,
346401,Spain Cellular-Orange,0,0.7425,0,1,1,0,1,
346402,Spain Cellular-Orange,0,0.7425,0,1,1,0,1,
346403,Spain Cellular-Orange,0,0.7425,0,1,1,0,1,
346405,Spain Cellular-Orange,0,0.7425,0,1,1,0,1,
346406,Spain Cellular-Orange,0,0.7425,0,1,1,0,1,
346407,Spain Cellular-Orange,0,0.7425,0,1,1,0,1,
346408,Spain Cellular-Orange,0,0.7425,0,1,1,0,1,
346409,Spain Cellular-Orange,0,0.7425,0,1,1,0,1,
346440,Spain Cellular-Orange,0,0.7425,0,1,1,0,1,
346441,Spain Cellular-Orange,0,0.7425,0,1,1,0,1,
346442,Spain Cellular-Orange,0,0.7425,0,1,1,0,1,
346443,Spain Cellular-Orange,0,0.7425,0,1,1,0,1,
346444,Spain Cellular-Orange,0,0.7425,0,1,1,0,1,
346445,Spain Cellular-Orange,0,0.7425,0,1,1,0,1,
346446,Spain Cellular-Orange,0,0.7425,0,1,1,0,1,
346447,Spain Cellular-Orange,0,0.7425,0,1,1,0,1,
34645,Spain Cellular-Orange,0,0.7425,0,1,1,0,1,
34651,Spain Cellular-Orange,0,0.7425,0,1,1,0,1,
34652,Spain Cellular-Orange,0,0.7425,0,1,1,0,1,
34653,Spain Cellular-Orange,0,0.7425,0,1,1,0,1,
34654,Spain Cellular-Orange,0,0.7425,0,1,1,0,1,
34655,Spain Cellular-Orange,0,0.7425,0,1,1,0,1,
34656,Spain Cellular-Orange,0,0.7425,0,1,1,0,1,
34657,Spain Cellular-Orange,0,0.7425,0,1,1,0,1,
34658,Spain Cellular-Orange,0,0.7425,0,1,1,0,1,
34665,Spain Cellular-Orange,0,0.7425,0,1,1,0,1,
346685,Spain Cellular-Orange,0,0.7425,0,1,1,0,1,
34675,Spain Cellular-Orange,0,0.7425,0,1,1,0,1,
346816,Spain Cellular-Orange,0,0.7425,0,1,1,0,1,
346847,Spain Cellular-Orange,0,0.7425,0,1,1,0,1,
34685,Spain Cellular-Orange,0,0.7425,0,1,1,0,1,
346880,Spain Cellular-Orange,0,0.7425,0,1,1,0,1,
346881,Spain Cellular-Orange,0,0.7425,0,1,1,0,1,
346882,Spain Cellular-Orange,0,0.7425,0,1,1,0,1,
346883,Spain Cellular-Orange,0,0.7425,0,1,1,0,1,
346884,Spain Cellular-Orange,0,0.7425,0,1,1,0,1,
346885,Spain Cellular-Orange,0,0.7425,0,1,1,0,1,
34691,Spain Cellular-Orange,0,0.7425,0,1,1,0,1,
34692,Spain Cellular-Orange,0,0.7425,0,1,1,0,1,
34693,Spain Cellular-Orange,0,0.7425,0,1,1,0,1,
346944,Spain Cellular-Orange,0,0.7425,0,1,1,0,1,
346945,Spain Cellular-Orange,0,0.7425,0,1,1,0,1,
346946,Spain Cellular-Orange,0,0.7425,0,1,1,0,1,
34695,Spain Cellular-Orange,0,0.7425,0,1,1,0,1,
346980,Spain Cellular-Orange,0,0.7425,0,1,1,0,1,
346982,Spain Cellular-Orange,0,0.7425,0,1,1,0,1,
346983,Spain Cellular-Orange,0,0.7425,0,1,1,0,1,
346984,Spain Cellular-Orange,0,0.7425,0,1,1,0,1,
346985,Spain Cellular-Orange,0,0.7425,0,1,1,0,1,
346986,Spain Cellular-Orange,0,0.7425,0,1,1,0,1,
346987,Spain Cellular-Orange,0,0.7425,0,1,1,0,1,
346988,Spain Cellular-Orange,0,0.7425,0,1,1,0,1,
347448,Spain Cellular-Orange,0,0.7425,0,1,1,0,1,
347477,Spain Cellular-Orange,0,0.7425,0,1,1,0,1,
347478,Spain Cellular-Orange,0,0.7425,0,1,1,0,1,
34606,Spain Cellular-Telefonica,0,0.7425,0,1,1,0,1,
34608,Spain Cellular-Telefonica,0,0.7425,0,1,1,0,1,
34609,Spain Cellular-Telefonica,0,0.7425,0,1,1,0,1,
346123,Spain Cellular-Telefonica,0,0.7425,0,1,1,0,1,
34616,Spain Cellular-Telefonica,0,0.7425,0,1,1,0,1,
34618,Spain Cellular-Telefonica,0,0.7425,0,1,1,0,1,
34619,Spain Cellular-Telefonica,0,0.7425,0,1,1,0,1,
34620,Spain Cellular-Telefonica,0,0.7425,0,1,1,0,1,
346214,Spain Cellular-Telefonica,0,0.7425,0,1,1,0,1,
34626,Spain Cellular-Telefonica,0,0.7425,0,1,1,0,1,
34628,Spain Cellular-Telefonica,0,0.7425,0,1,1,0,1,
34629,Spain Cellular-Telefonica,0,0.7425,0,1,1,0,1,
34630,Spain Cellular-Telefonica,0,0.7425,0,1,1,0,1,
346345,Spain Cellular-Telefonica,0,0.7425,0,1,1,0,1,
34636,Spain Cellular-Telefonica,0,0.7425,0,1,1,0,1,
34638,Spain Cellular-Telefonica,0,0.7425,0,1,1,0,1,
34639,Spain Cellular-Telefonica,0,0.7425,0,1,1,0,1,
34646,Spain Cellular-Telefonica,0,0.7425,0,1,1,0,1,
34648,Spain Cellular-Telefonica,0,0.7425,0,1,1,0,1,
34649,Spain Cellular-Telefonica,0,0.7425,0,1,1,0,1,
34650,Spain Cellular-Telefonica,0,0.7425,0,1,1,0,1,
34659,Spain Cellular-Telefonica,0,0.7425,0,1,1,0,1,
34660,Spain Cellular-Telefonica,0,0.7425,0,1,1,0,1,
34669,Spain Cellular-Telefonica,0,0.7425,0,1,1,0,1,
34676,Spain Cellular-Telefonica,0,0.7425,0,1,1,0,1,
34679,Spain Cellular-Telefonica,0,0.7425,0,1,1,0,1,
34680,Spain Cellular-Telefonica,0,0.7425,0,1,1,0,1,
346810,Spain Cellular-Telefonica,0,0.7425,0,1,1,0,1,
346811,Spain Cellular-Telefonica,0,0.7425,0,1,1,0,1,
346812,Spain Cellular-Telefonica,0,0.7425,0,1,1,0,1,
346813,Spain Cellular-Telefonica,0,0.7425,0,1,1,0,1,
346814,Spain Cellular-Telefonica,0,0.7425,0,1,1,0,1,
346815,Spain Cellular-Telefonica,0,0.7425,0,1,1,0,1,
34682,Spain Cellular-Telefonica,0,0.7425,0,1,1,0,1,
34683,Spain Cellular-Telefonica,0,0.7425,0,1,1,0,1,
346840,Spain Cellular-Telefonica,0,0.7425,0,1,1,0,1,
346841,Spain Cellular-Telefonica,0,0.7425,0,1,1,0,1,
346842,Spain Cellular-Telefonica,0,0.7425,0,1,1,0,1,
346843,Spain Cellular-Telefonica,0,0.7425,0,1,1,0,1,
346845,Spain Cellular-Telefonica,0,0.7425,0,1,1,0,1,
34686,Spain Cellular-Telefonica,0,0.7425,0,1,1,0,1,
346889,Spain Cellular-Telefonica,0,0.7425,0,1,1,0,1,
34689,Spain Cellular-Telefonica,0,0.7425,0,1,1,0,1,
34690,Spain Cellular-Telefonica,0,0.7425,0,1,1,0,1,
346940,Spain Cellular-Telefonica,0,0.7425,0,1,1,0,1,
34696,Spain Cellular-Telefonica,0,0.7425,0,1,1,0,1,
34699,Spain Cellular-Telefonica,0,0.7425,0,1,1,0,1,
347170,Spain Cellular-Telefonica,0,0.7425,0,1,1,0,1,
347177,Spain Cellular-Telefonica,0,0.7425,0,1,1,0,1,
34600,Spain Cellular-Vodafone,0,0.7425,0,1,1,0,1,
346010,Spain Cellular-Vodafone,0,0.7425,0,1,1,0,1,
346011,Spain Cellular-Vodafone,0,0.7425,0,1,1,0,1,
346012,Spain Cellular-Vodafone,0,0.7425,0,1,1,0,1,
346013,Spain Cellular-Vodafone,0,0.7425,0,1,1,0,1,
346014,Spain Cellular-Vodafone,0,0.7425,0,1,1,0,1,
346015,Spain Cellular-Vodafone,0,0.7425,0,1,1,0,1,
346017,Spain Cellular-Vodafone,0,0.7425,0,1,1,0,1,
346034,Spain Cellular-Vodafone,0,0.7425,0,1,1,0,1,
346035,Spain Cellular-Vodafone,0,0.7425,0,1,1,0,1,
346036,Spain Cellular-Vodafone,0,0.7425,0,1,1,0,1,
346037,Spain Cellular-Vodafone,0,0.7425,0,1,1,0,1,
346038,Spain Cellular-Vodafone,0,0.7425,0,1,1,0,1,
346046,Spain Cellular-Vodafone,0,0.7425,0,1,1,0,1,
346047,Spain Cellular-Vodafone,0,0.7425,0,1,1,0,1,
34607,Spain Cellular-Vodafone,0,0.7425,0,1,1,0,1,
34610,Spain Cellular-Vodafone,0,0.7425,0,1,1,0,1,
346119,Spain Cellular-Vodafone,0,0.7425,0,1,1,0,1,
34617,Spain Cellular-Vodafone,0,0.7425,0,1,1,0,1,
34627,Spain Cellular-Vodafone,0,0.7425,0,1,1,0,1,
34634,Spain Cellular-Vodafone,0,0.7425,0,1,1,0,1,
34637,Spain Cellular-Vodafone,0,0.7425,0,1,1,0,1,
34647,Spain Cellular-Vodafone,0,0.7425,0,1,1,0,1,
34661,Spain Cellular-Vodafone,0,0.7425,0,1,1,0,1,
34662,Spain Cellular-Vodafone,0,0.7425,0,1,1,0,1,
34663,Spain Cellular-Vodafone,0,0.7425,0,1,1,0,1,
34664,Spain Cellular-Vodafone,0,0.7425,0,1,1,0,1,
34666,Spain Cellular-Vodafone,0,0.7425,0,1,1,0,1,
34667,Spain Cellular-Vodafone,0,0.7425,0,1,1,0,1,
34670,Spain Cellular-Vodafone,0,0.7425,0,1,1,0,1,
34671,Spain Cellular-Vodafone,0,0.7425,0,1,1,0,1,
34672,Spain Cellular-Vodafone,0,0.7425,0,1,1,0,1,
34673,Spain Cellular-Vodafone,0,0.7425,0,1,1,0,1,
34674,Spain Cellular-Vodafone,0,0.7425,0,1,1,0,1,
34677,Spain Cellular-Vodafone,0,0.7425,0,1,1,0,1,
34678,Spain Cellular-Vodafone,0,0.7425,0,1,1,0,1,
34687,Spain Cellular-Vodafone,0,0.7425,0,1,1,0,1,
346949,Spain Cellular-Vodafone,0,0.7425,0,1,1,0,1,
34697,Spain Cellular-Vodafone,0,0.7425,0,1,1,0,1,
347111,Spain Cellular-Vodafone,0,0.7425,0,1,1,0,1,
347117,Spain Cellular-Vodafone,0,0.7425,0,1,1,0,1,
347171,Spain Cellular-Vodafone,0,0.7425,0,1,1,0,1,
347277,Spain Cellular-Vodafone,0,0.7425,0,1,1,0,1,
347449,Spain Cellular-Vodafone,0,0.7425,0,1,1,0,1,
346040,Spain Cellular-Xfera,0,0.7425,0,1,1,0,1,
346130,Spain Cellular-Xfera,0,0.7425,0,1,1,0,1,
346131,Spain Cellular-Xfera,0,0.7425,0,1,1,0,1,
346132,Spain Cellular-Xfera,0,0.7425,0,1,1,0,1,
346133,Spain Cellular-Xfera,0,0.7425,0,1,1,0,1,
34622,Spain Cellular-Xfera,0,0.7425,0,1,1,0,1,
346230,Spain Cellular-Xfera,0,0.7425,0,1,1,0,1,
346231,Spain Cellular-Xfera,0,0.7425,0,1,1,0,1,
346232,Spain Cellular-Xfera,0,0.7425,0,1,1,0,1,
346233,Spain Cellular-Xfera,0,0.7425,0,1,1,0,1,
346234,Spain Cellular-Xfera,0,0.7425,0,1,1,0,1,
346235,Spain Cellular-Xfera,0,0.7425,0,1,1,0,1,
346237,Spain Cellular-Xfera,0,0.7425,0,1,1,0,1,
346238,Spain Cellular-Xfera,0,0.7425,0,1,1,0,1,
346239,Spain Cellular-Xfera,0,0.7425,0,1,1,0,1,
34633,Spain Cellular-Xfera,0,0.7425,0,1,1,0,1,
346343,Spain Cellular-Xfera,0,0.7425,0,1,1,0,1,
346846,Spain Cellular-Xfera,0,0.7425,0,1,1,0,1,
346981,Spain Cellular-Xfera,0,0.7425,0,1,1,0,1,
347221,Spain Cellular-Xfera,0,0.7425,0,1,1,0,1,
347222,Spain Cellular-Xfera,0,0.7425,0,1,1,0,1,
347223,Spain Cellular-Xfera,0,0.7425,0,1,1,0,1,
347224,Spain Cellular-Xfera,0,0.7425,0,1,1,0,1,
347225,Spain Cellular-Xfera,0,0.7425,0,1,1,0,1,
347226,Spain Cellular-Xfera,0,0.7425,0,1,1,0,1,
347227,Spain Cellular-Xfera,0,0.7425,0,1,1,0,1,
347228,Spain Cellular-Xfera,0,0.7425,0,1,1,0,1,
34590200,"Spain,M2m",0,0.7088,0,1,1,0,1,
34118,"Spain,Premium",0,0.7425,0,1,1,0,1,
341248,"Spain,Premium",0,0.7425,0,1,1,0,1,
3414,"Spain,Premium",0,0.7425,0,1,1,0,1,
3415,"Spain,Premium",0,0.7425,0,1,1,0,1,
3416,"Spain,Premium",0,0.7425,0,1,1,0,1,
341700,"Spain,Premium",0,0.7425,0,1,1,0,1,
341701,"Spain,Premium",0,0.7425,0,1,1,0,1,
3470,"Spain,Premium",0,0.7425,0,1,1,0,1,
3480,"Spain,Premium",0,0.7425,0,1,1,0,1,
3490,"Spain,Premium",0,0.7425,0,1,1,0,1,
349401,"Spain,Premium",0,0.7425,0,1,1,0,1,
349402,"Spain,Premium",0,0.7425,0,1,1,0,1,
349403,"Spain,Premium",0,0.7425,0,1,1,0,1,
349404,"Spain,Premium",0,0.7425,0,1,1,0,1,
349406,"Spain,Premium",0,0.7425,0,1,1,0,1,
349407,"Spain,Premium",0,0.7425,0,1,1,0,1,
3451,"Spain,Premium-Nomadic Voice",0,0.7425,0,1,1,0,1,
34902,"Spain,Premium-Shared Cost",0,0.7425,0,1,1,0,1,
,,,,,,,,,
,,,,,,,,,
,,,,,,,,,
,,,,,,,,,
,,,,,,,,,
,,,,,,,,,
,,,,,,,,,
,,,,,,,,,
,,,,,,,,,
,,,,,,,,,
,,,,,,,,,
,,,,,,,,,
,,,,,,,,,
,,,,,,,,,
,,,,,,,,,
,,,,,,,,,
,,,,,,,,,
,,,,,,,,,
,,,,,,,,,
,,,,,,,,,
,,,,,,,,,
,,,,,,,,,
,,,,,,,,,
,,,,,,,,,
,,,,,,,,,
,,,,,,,,,
,,,,,,,,,
,,,,,,,,,
,,,,,,,,,
,,,,,,,,,
,,,,,,,,,
,,,,,,,,,
,,,,,,,,,
,,,,,,,,,
,,,,,,,,,
,,,,,,,,,
,,,,,,,,,
,,,,,,,,,
,,,,,,,,,
,,,,,,,,,
,,,,,,,,,
,,,,,,,,,
,,,,,,,,,
,,,,,,,,,
,,,,,,,,,
,,,,,,,,,
,,,,,,,,,
,,,,,,,,,
,,,,,,,,,
,,,,,,,,,
,,,,,,,,,
,,,,,,,,,
,,,,,,,,,
,,,,,,,,,
,,,,,,,,,
,,,,,,,,,
,,,,,,,,,
,,,,,,,,,
,,,,,,,,,
,,,,,,,,,
,,,,,,,,,
,,,,,,,,,
,,,,,,,,,
,,,,,,,,,
,,,,,,,,,
,,,,,,,,,
,,,,,,,,,
,,,,,,,,,
,,,,,,,,,
,,,,,,,,,
,,,,,,,,,
,,,,,,,,,
,,,,,,,,,
,,,,,,,,,
,,,,,,,,,
,,,,,,,,,
,,,,,,,,,
,,,,,,,,,
,,,,,,,,,
,,,,,,,,,
,,,,,,,,,
,,,,,,,,,
,,,,,,,,,
,,,,,,,,,
,,,,,,,,,
,,,,,,,,,
,,,,,,,,,
,,,,,,,,,
,,,,,,,,,
,,,,,,,,,
,,,,,,,,,
,,,,,,,,,
,,,,,,,,,
,,,,,,,,,
,,,,,,,,,
,,,,,,,,,
,,,,,,,,,
,,,,,,,,,
,,,,,,,,,
,,,,,,,,,
,,,,,,,,,
,,,,,,,,,
,,,,,,,,,
,,,,,,,,,
,,,,,,,,,
,,,,,,,,,
,,,,,,,,,
,,,,,,,,,
,,,,,,,,,
,,,,,,,,,
,,,,,,,,,
,,,,,,,,,
,,,,,,,,,
,,,,,,,,,
,,,,,,,,,
,,,,,,,,,
,,,,,,,,,
,,,,,,,,,
,,,,,,,,,
,,,,,,,,,
,,,,,,,,,
,,,,,,,,,
,,,,,,,,,
,,,,,,,,,
,,,,,,,,,
,,,,,,,,,
,,,,,,,,,
,,,,,,,,,
,,,,,,,,,
,,,,,,,,,
,,,,,,,,,
,,,,,,,,,
,,,,,,,,,
,,,,,,,,,
,,,,,,,,,
,,,,,,,,,
,,,,,,,,,
,,,,,,,,,
,,,,,,,,,
,,,,,,,,,
,,,,,,,,,
,,,,,,,,,
,,,,,,,,,
,,,,,,,,,
,,,,,,,,,
,,,,,,,,,
,,,,,,,,,
,,,,,,,,,
,,,,,,,,,
,,,,,,,,,
,,,,,,,,,
,,,,,,,,,
,,,,,,,,,
,,,,,,,,,
,,,,,,,,,
,,,,,,,,,
,,,,,,,,,
,,,,,,,,,
,,,,,,,,,
,,,,,,,,,
,,,,,,,,,
,,,,,,,,,
,,,,,,,,,
,,,,,,,,,
,,,,,,,,,
,,,,,,,,,
,,,,,,,,,
,,,,,,,,,
,,,,,,,,,
,,,,,,,,,
,,,,,,,,,
,,,,,,,,,
,,,,,,,,,
,,,,,,,,,
,,,,,,,,,
,,,,,,,,,
,,,,,,,,,
,,,,,,,,,
,,,,,,,,,
,,,,,,,,,
,,,,,,,,,
,,,,,,,,,
,,,,,,,,,
,,,,,,,,,
,,,,,,,,,
,,,,,,,,,
,,,,,,,,,
,,,,,,,,,
,,,,,,,,,
,,,,,,,,,
,,,,,,,,,
,,,,,,,,,
,,,,,,,,,
,,,,,,,,,
,,,,,,,,,
,,,,,,,,,
,,,,,,,,,
,,,,,,,,,
,,,,,,,,,
,,,,,,,,,
,,,,,,,,,
,,,,,,,,,
,,,,,,,,,
,,,,,,,,,
,,,,,,,,,
,,,,,,,,,
,,,,,,,,,
,,,,,,,,,
,,,,,,,,,
,,,,,,,,,
,,,,,,,,,
,,,,,,,,,
,,,,,,,,,
,,,,,,,,,
,,,,,,,,,
,,,,,,,,,
,,,,,,,,,
,,,,,,,,,
,,,,,,,,,
,,,,,,,,,
,,,,,,,,,
,,,,,,,,,
,,,,,,,,,
,,,,,,,,,
,,,,,,,,,
,,,,,,,,,
,,,,,,,,,
,,,,,,,,,
,,,,,,,,,
,,,,,,,,,
,,,,,,,,,
,,,,,,,,,
,,,,,,,,,
,,,,,,,,,
,,,,,,,,,
,,,,,,,,,
,,,,,,,,,
,,,,,,,,,
,,,,,,,,,
,,,,,,,,,
,,,,,,,,,
,,,,,,,,,
,,,,,,,,,
,,,,,,,,,
,,,,,,,,,
,,,,,,,,,
,,,,,,,,,
,,,,,,,,,
,,,,,,,,,
,,,,,,,,,
,,,,,,,,,
,,,,,,,,,
,,,,,,,,,
,,,,,,,,,
,,,,,,,,,
,,,,,,,,,
,,,,,,,,,
,,,,,,,,,
,,,,,,,,,
,,,,,,,,,
,,,,,,,,,
,,,,,,,,,
,,,,,,,,,
,,,,,,,,,
,,,,,,,,,
,,,,,,,,,
,,,,,,,,,
,,,,,,,,,
,,,,,,,,,
,,,,,,,,,
,,,,,,,,,
,,,,,,,,,
,,,,,,,,,
